building,floor,macID,mode,longitude,latitude,deviceinfo,filename,scannum
ABB,1,halle12,1,-79.92181512,43.26042963,"motorola,moto g(6),28,motorola",halle12_1_20200108104622.pbf,1
ABB,1,halle12,1,-79.92181516,43.26043004,"motorola,moto g(6),28,motorola",halle12_1_20200108104622.pbf,2
ABB,1,halle12,1,-79.92181519,43.26043045,"motorola,moto g(6),28,motorola",halle12_1_20200108104622.pbf,3
ABB,1,sunx46,1,-79.92120737,43.26065561,"HUAWEI,VOG-AL00,28,HUAWEI",sunx46_1_20191124153142.pbf,1
ABB,1,sunx46,1,-79.92123091,43.26065547,"HUAWEI,VOG-AL00,28,HUAWEI",sunx46_1_20191124153142.pbf,2
ABB,1,sunx46,1,-79.92125486,43.26065533,"HUAWEI,VOG-AL00,28,HUAWEI",sunx46_1_20191124153142.pbf,3
ABB,1,sunx46,1,-79.92127882,43.26065519,"HUAWEI,VOG-AL00,28,HUAWEI",sunx46_1_20191124153142.pbf,4
ABB,1,sunx46,1,-79.9214737,43.26065407,"HUAWEI,VOG-AL00,28,HUAWEI",sunx46_1_20191124153142.pbf,5
ABB,1,sunx46,1,-79.92173543,43.26065256,"HUAWEI,VOG-AL00,28,HUAWEI",sunx46_1_20191124153142.pbf,6
ABB,1,sunx46,1,-79.92192171,43.26065149,"HUAWEI,VOG-AL00,28,HUAWEI",sunx46_1_20191124153142.pbf,7
ABB,1,zhabi23,1,-79.92180176,43.26020478,"HUAWEI,JSN-L23,27,HONOR",zhabi23_1_20191120193102.pbf,1
ABB,1,zhabi23,1,-79.92180205,43.26020922,"HUAWEI,JSN-L23,27,HONOR",zhabi23_1_20191120193102.pbf,2
ABB,1,zhabi23,1,-79.92180234,43.26021373,"HUAWEI,JSN-L23,27,HONOR",zhabi23_1_20191120193102.pbf,3
ABB,1,zhabi23,1,-79.92180264,43.26021834,"HUAWEI,JSN-L23,27,HONOR",zhabi23_1_20191120193102.pbf,4
ABB,1,zhabi23,1,-79.92180293,43.26022288,"HUAWEI,JSN-L23,27,HONOR",zhabi23_1_20191120193102.pbf,5
ABB,1,zhabi23,1,-79.92180323,43.2602275,"HUAWEI,JSN-L23,27,HONOR",zhabi23_1_20191120193102.pbf,6
ABB,1,zhabi23,1,-79.92180694,43.26028469,"HUAWEI,JSN-L23,27,HONOR",zhabi23_1_20191120193102.pbf,7
ABB,1,zhabi23,1,-79.92181068,43.26034232,"HUAWEI,JSN-L23,27,HONOR",zhabi23_1_20191120193102.pbf,8
ABB,1,zhabi23,1,-79.92181224,43.26036636,"HUAWEI,JSN-L23,27,HONOR",zhabi23_1_20191120193102.pbf,9
ABB,1,zhabi23,1,-79.92181606,43.26042531,"HUAWEI,JSN-L23,27,HONOR",zhabi23_1_20191120193102.pbf,10
ABB,1,zhabi23,1,-79.92181973,43.26048194,"HUAWEI,JSN-L23,27,HONOR",zhabi23_1_20191120193102.pbf,11
ABB,1,zhabi23,1,-79.92182741,43.26060035,"HUAWEI,JSN-L23,27,HONOR",zhabi23_1_20191120193102.pbf,12
ABB,1,zhabi23,1,-79.92182957,43.26050874,"HUAWEI,JSN-L23,27,HONOR",zhabi23_1_20191120193150.pbf,1
ABB,1,zhabi23,1,-79.92206125,43.26051452,"HUAWEI,JSN-L23,27,HONOR",zhabi23_1_20191120193150.pbf,2
ABB,1,zhabi23,1,-79.92229281,43.26052029,"HUAWEI,JSN-L23,27,HONOR",zhabi23_1_20191120193150.pbf,3
ABB,1,zhabi23,1,-79.92195673,43.26065535,"HUAWEI,JSN-L23,27,HONOR",zhabi23_1_20191120193409.pbf,1
ABB,1,zhabi23,1,-79.9219569,43.26066039,"HUAWEI,JSN-L23,27,HONOR",zhabi23_1_20191120193409.pbf,2
ABB,1,zhabi23,1,-79.92195708,43.26066543,"HUAWEI,JSN-L23,27,HONOR",zhabi23_1_20191120193409.pbf,3
ABB,1,zhabi23,1,-79.92195725,43.26067048,"HUAWEI,JSN-L23,27,HONOR",zhabi23_1_20191120193409.pbf,4
ABB,1,zhabi23,1,-79.92195743,43.26067552,"HUAWEI,JSN-L23,27,HONOR",zhabi23_1_20191120193409.pbf,5
ABB,1,zhabi23,1,-79.9219576,43.26068056,"HUAWEI,JSN-L23,27,HONOR",zhabi23_1_20191120193409.pbf,6
ABB,1,zhabi23,1,-79.92195976,43.26074276,"HUAWEI,JSN-L23,27,HONOR",zhabi23_1_20191120193409.pbf,7
ABB,1,zhabi23,1,-79.92196193,43.2608053,"HUAWEI,JSN-L23,27,HONOR",zhabi23_1_20191120193409.pbf,8
ABB,1,zhabi23,1,-79.92196408,43.26086745,"HUAWEI,JSN-L23,27,HONOR",zhabi23_1_20191120193409.pbf,9
ABB,1,zhabi23,1,-79.92196516,43.26089844,"HUAWEI,JSN-L23,27,HONOR",zhabi23_1_20191120193409.pbf,10
ABB,1,zhabi23,1,-79.92173896,43.26037653,"HUAWEI,JSN-L23,27,HONOR",zhabi23_1_20191120193446.pbf,1
ABB,1,zhabi23,1,-79.92164225,43.26038063,"HUAWEI,JSN-L23,27,HONOR",zhabi23_1_20191120193446.pbf,2
ABB,1,zhabi23,1,-79.92160736,43.2603821,"HUAWEI,JSN-L23,27,HONOR",zhabi23_1_20191120193446.pbf,3
ABB,1,zhabi23,1,-79.92148914,43.26038711,"HUAWEI,JSN-L23,27,HONOR",zhabi23_1_20191120193446.pbf,4
ABB,1,zhabi23,1,-79.92136052,43.26039256,"HUAWEI,JSN-L23,27,HONOR",zhabi23_1_20191120193446.pbf,5
ABB,1,zhabi23,1,-79.92123075,43.26039806,"HUAWEI,JSN-L23,27,HONOR",zhabi23_1_20191120193446.pbf,6
ABB,2,dail5,1,-79.92138316,43.26037623,"HUAWEI,JSN-L23,27,HONOR",dail5_1_20191007135629.pbf,1
ABB,2,dail5,1,-79.9214659,43.26037739,"HUAWEI,JSN-L23,27,HONOR",dail5_1_20191007135629.pbf,2
ABB,2,dail5,1,-79.92154854,43.26037855,"HUAWEI,JSN-L23,27,HONOR",dail5_1_20191007135629.pbf,3
ABB,2,dail5,1,-79.92163047,43.2603797,"HUAWEI,JSN-L23,27,HONOR",dail5_1_20191007135629.pbf,4
ABB,2,dail5,1,-79.92164291,43.26037988,"HUAWEI,JSN-L23,27,HONOR",dail5_1_20191007135629.pbf,5
ABB,2,dail5,1,-79.92179479,43.26038201,"HUAWEI,JSN-L23,27,HONOR",dail5_1_20191007135629.pbf,6
ABB,2,dail5,1,-79.92181898,43.26038373,"HUAWEI,JSN-L23,27,HONOR",dail5_1_20191007135715.pbf,1
ABB,2,dail5,1,-79.92182215,43.26044296,"HUAWEI,JSN-L23,27,HONOR",dail5_1_20191007135715.pbf,2
ABB,2,dail5,1,-79.92182415,43.26048022,"HUAWEI,JSN-L23,27,HONOR",dail5_1_20191007135715.pbf,3
ABB,2,dail5,1,-79.92182704,43.26053392,"HUAWEI,JSN-L23,27,HONOR",dail5_1_20191007135715.pbf,4
ABB,2,dail5,1,-79.92183037,43.26059607,"HUAWEI,JSN-L23,27,HONOR",dail5_1_20191007135715.pbf,5
ABB,2,dail5,1,-79.92180842,43.2606275,"HUAWEI,JSN-L23,27,HONOR",dail5_1_20191007135810.pbf,1
ABB,2,dail5,1,-79.92174075,43.26063088,"HUAWEI,JSN-L23,27,HONOR",dail5_1_20191007135810.pbf,2
ABB,2,dail5,1,-79.92167301,43.26063425,"HUAWEI,JSN-L23,27,HONOR",dail5_1_20191007135810.pbf,3
ABB,2,dail5,1,-79.92160462,43.26063766,"HUAWEI,JSN-L23,27,HONOR",dail5_1_20191007135810.pbf,4
ABB,2,dail5,1,-79.9215369,43.26064104,"HUAWEI,JSN-L23,27,HONOR",dail5_1_20191007135810.pbf,5
ABB,2,dail5,1,-79.9214695,43.2606444,"HUAWEI,JSN-L23,27,HONOR",dail5_1_20191007135810.pbf,6
ABB,2,dail5,1,-79.92144311,43.26064571,"HUAWEI,JSN-L23,27,HONOR",dail5_1_20191007135810.pbf,7
ABB,2,dail5,1,-79.92137589,43.26064906,"HUAWEI,JSN-L23,27,HONOR",dail5_1_20191007135810.pbf,8
ABB,2,dail5,1,-79.92130824,43.26065243,"HUAWEI,JSN-L23,27,HONOR",dail5_1_20191007135810.pbf,9
ABB,2,dail5,1,-79.92124046,43.26065581,"HUAWEI,JSN-L23,27,HONOR",dail5_1_20191007135810.pbf,10
ABB,2,dail5,1,-79.92124702,43.26065932,"HUAWEI,JSN-L23,27,HONOR",dail5_1_20191007135848.pbf,1
ABB,2,dail5,1,-79.92124305,43.26069197,"HUAWEI,JSN-L23,27,HONOR",dail5_1_20191007135848.pbf,2
ABB,2,dail5,1,-79.9212391,43.26072447,"HUAWEI,JSN-L23,27,HONOR",dail5_1_20191007135848.pbf,3
ABB,2,dail5,1,-79.92123517,43.26075688,"HUAWEI,JSN-L23,27,HONOR",dail5_1_20191007135848.pbf,4
ABB,2,dail5,1,-79.9212312,43.26078951,"HUAWEI,JSN-L23,27,HONOR",dail5_1_20191007135848.pbf,5
ABB,2,dail5,1,-79.9212262,43.260802,"HUAWEI,JSN-L23,27,HONOR",dail5_1_20191007135951.pbf,1
ABB,2,dail5,1,-79.92122279,43.26075222,"HUAWEI,JSN-L23,27,HONOR",dail5_1_20191007135951.pbf,2
ABB,2,dail5,1,-79.92121937,43.26070219,"HUAWEI,JSN-L23,27,HONOR",dail5_1_20191007135951.pbf,3
ABB,2,dail5,1,-79.92121595,43.26065223,"HUAWEI,JSN-L23,27,HONOR",dail5_1_20191007135951.pbf,4
ABB,2,dail5,1,-79.92121256,43.2606026,"HUAWEI,JSN-L23,27,HONOR",dail5_1_20191007135951.pbf,5
ABB,2,dail5,1,-79.92120916,43.26055291,"HUAWEI,JSN-L23,27,HONOR",dail5_1_20191007135951.pbf,6
ABB,2,dail5,1,-79.92120574,43.26050303,"HUAWEI,JSN-L23,27,HONOR",dail5_1_20191007135951.pbf,7
ABB,2,dail5,1,-79.92120233,43.2604532,"HUAWEI,JSN-L23,27,HONOR",dail5_1_20191007135951.pbf,8
ABB,2,dail5,1,-79.92119895,43.26040382,"HUAWEI,JSN-L23,27,HONOR",dail5_1_20191007135951.pbf,9
ABB,2,dail5,1,-79.92119554,43.26035401,"HUAWEI,JSN-L23,27,HONOR",dail5_1_20191007135951.pbf,10
ABB,2,dail5,1,-79.92119455,43.26033943,"HUAWEI,JSN-L23,27,HONOR",dail5_1_20191007135951.pbf,11
ABB,2,yaoy41,1,-79.92121091,43.26038342,"HUAWEI,MAR-LX3A,28,HUAWEI",yaoy41_1_20191007140257.pbf,1
ABB,2,yaoy41,1,-79.9212112,43.26038878,"HUAWEI,MAR-LX3A,28,HUAWEI",yaoy41_1_20191007140257.pbf,2
ABB,2,yaoy41,1,-79.92121329,43.26042735,"HUAWEI,MAR-LX3A,28,HUAWEI",yaoy41_1_20191007140257.pbf,3
ABB,3,yaoy41,1,-79.92124297,43.2607942,"HUAWEI,MAR-LX3A,28,HUAWEI",yaoy41_1_20191007140432.pbf,1
ABB,3,yaoy41,1,-79.92123669,43.26069319,"HUAWEI,MAR-LX3A,28,HUAWEI",yaoy41_1_20191007140432.pbf,2
ABB,3,yaoy41,1,-79.92122008,43.26042588,"HUAWEI,MAR-LX3A,28,HUAWEI",yaoy41_1_20191007140432.pbf,3
ABB,3,yaoy41,1,-79.92121981,43.26042147,"HUAWEI,MAR-LX3A,28,HUAWEI",yaoy41_1_20191007140432.pbf,4
ABB,3,yaoy41,1,-79.92123148,43.26064382,"HUAWEI,MAR-LX3A,28,HUAWEI",yaoy41_1_20191007140704.pbf,1
ABB,3,yaoy41,1,-79.92138183,43.26064221,"HUAWEI,MAR-LX3A,28,HUAWEI",yaoy41_1_20191007140704.pbf,2
ABB,3,yaoy41,1,-79.92145048,43.26064148,"HUAWEI,MAR-LX3A,28,HUAWEI",yaoy41_1_20191007140704.pbf,3
BSB,1,dezeeuwt,1,-79.92017515,43.26188254,"samsung,SM-G960W,28,samsung",dezeeuwt_1_20191106100333.pbf,1
BSB,1,dezeeuwt,1,-79.92017743,43.26192646,"samsung,SM-G960W,28,samsung",dezeeuwt_1_20191106100333.pbf,2
BSB,1,dezeeuwt,1,-79.92017998,43.26197568,"samsung,SM-G960W,28,samsung",dezeeuwt_1_20191106100333.pbf,3
BSB,1,halle12,1,-79.92013161,43.26193395,"motorola,moto g(6),28,motorola",halle12_1_20200108103916.pbf,1
BSB,1,halle12,1,-79.92013161,43.26193344,"motorola,moto g(6),28,motorola",halle12_1_20200108103916.pbf,2
BSB,1,halle12,1,-79.92013161,43.26193283,"motorola,moto g(6),28,motorola",halle12_1_20200108103916.pbf,4
BSB,1,jinz27,1,-79.9201453,43.26186882,"HUAWEI,LYA-AL00,28,HUAWEI",jinz27_1_20191005175954.pbf,1
BSB,1,jinz27,1,-79.92014637,43.2618872,"HUAWEI,LYA-AL00,28,HUAWEI",jinz27_1_20191005175954.pbf,2
BSB,1,jinz27,1,-79.92014741,43.26190523,"HUAWEI,LYA-AL00,28,HUAWEI",jinz27_1_20191005175954.pbf,3
BSB,1,jinz27,1,-79.92014848,43.2619236,"HUAWEI,LYA-AL00,28,HUAWEI",jinz27_1_20191005175954.pbf,4
BSB,1,jinz27,1,-79.92015783,43.26208496,"HUAWEI,LYA-AL00,28,HUAWEI",jinz27_1_20191005175954.pbf,6
BSB,1,jinz27,1,-79.92054987,43.26227377,"HUAWEI,LYA-AL00,28,HUAWEI",jinz27_1_20191005180123.pbf,1
BSB,1,jinz27,1,-79.92057177,43.26227437,"HUAWEI,LYA-AL00,28,HUAWEI",jinz27_1_20191005180123.pbf,2
BSB,1,jinz27,1,-79.9205938,43.26227497,"HUAWEI,LYA-AL00,28,HUAWEI",jinz27_1_20191005180123.pbf,3
BSB,1,jinz27,1,-79.92061586,43.26227557,"HUAWEI,LYA-AL00,28,HUAWEI",jinz27_1_20191005180123.pbf,4
BSB,1,khana172,1,-79.92064445,43.2618449,"Google,Pixel,29,google",khana172_1_20191106124301.pbf,1
BSB,1,khana172,1,-79.92058716,43.26184628,"Google,Pixel,29,google",khana172_1_20191106124301.pbf,2
BSB,1,khana172,1,-79.92053792,43.26184747,"Google,Pixel,29,google",khana172_1_20191106124301.pbf,3
BSB,1,khana172,1,-79.92048465,43.26184875,"Google,Pixel,29,google",khana172_1_20191106124301.pbf,4
BSB,1,royh,1,-79.92016815,43.26206909,"LGE,LG-H873,24,lge",royh_1_20191121171429.pbf,1
BSB,1,royh,1,-79.9201636,43.26213708,"LGE,LG-H873,24,lge",royh_1_20191121171429.pbf,2
BSB,1,royh,1,-79.92015903,43.26220531,"LGE,LG-H873,24,lge",royh_1_20191121171429.pbf,3
BSB,1,tanudjae,1,-79.92070538,43.26184243,"samsung,SM-G950W,28,samsung",tanudjae_1_20191004163347.pbf,1
BSB,1,tanudjae,1,-79.92068071,43.26184277,"samsung,SM-G950W,28,samsung",tanudjae_1_20191004163347.pbf,2
BSB,1,tanudjae,1,-79.92065677,43.26184309,"samsung,SM-G950W,28,samsung",tanudjae_1_20191004163347.pbf,3
BSB,1,tanudjae,1,-79.92063274,43.26184342,"samsung,SM-G950W,28,samsung",tanudjae_1_20191004163347.pbf,4
BSB,1,tanudjae,1,-79.92016691,43.26158927,"samsung,SM-G950W,28,samsung",tanudjae_1_20191004164050.pbf,1
BSB,1,tanudjae,1,-79.92016712,43.26159711,"samsung,SM-G950W,28,samsung",tanudjae_1_20191004164050.pbf,2
BSB,1,tanudjae,1,-79.92016733,43.26160498,"samsung,SM-G950W,28,samsung",tanudjae_1_20191004164050.pbf,3
BSB,1,tanudjae,1,-79.92016753,43.26161284,"samsung,SM-G950W,28,samsung",tanudjae_1_20191004164050.pbf,4
BSB,1,tanudjae,1,-79.92017165,43.26176765,"samsung,SM-G950W,28,samsung",tanudjae_1_20191004164050.pbf,5
BSB,1,tanudjae,1,-79.92017508,43.26189627,"samsung,SM-G950W,28,samsung",tanudjae_1_20191004164050.pbf,6
BSB,1,tanudjae,1,-79.92017529,43.26190434,"samsung,SM-G950W,28,samsung",tanudjae_1_20191004164050.pbf,7
BSB,1,tanudjae,1,-79.92017571,43.26191994,"samsung,SM-G950W,28,samsung",tanudjae_1_20191004164050.pbf,8
BSB,1,tanudjae,1,-79.9201823,43.26216782,"samsung,SM-G950W,28,samsung",tanudjae_1_20191004164050.pbf,9
BSB,1,tanudjae,1,-79.92018323,43.26220275,"samsung,SM-G950W,28,samsung",tanudjae_1_20191004164050.pbf,10
BSB,1,tanudjae,1,-79.92018345,43.26221087,"samsung,SM-G950W,28,samsung",tanudjae_1_20191004164050.pbf,11
BSB,1,tanudjae,1,-79.92018384,43.26222554,"samsung,SM-G950W,28,samsung",tanudjae_1_20191004164050.pbf,12
BSB,1,tanudjae,1,-79.92070091,43.26225837,"samsung,SM-G950W,28,samsung",tanudjae_1_20191004164748.pbf,1
BSB,1,tanudjae,1,-79.9206883,43.26225841,"samsung,SM-G950W,28,samsung",tanudjae_1_20191004164748.pbf,2
BSB,1,tanudjae,1,-79.9206759,43.26225846,"samsung,SM-G950W,28,samsung",tanudjae_1_20191004164748.pbf,3
BSB,1,tanudjae,1,-79.92066368,43.26225851,"samsung,SM-G950W,28,samsung",tanudjae_1_20191004164748.pbf,4
BSB,2,gelerius,1,-79.92016598,43.26185338,"samsung,SM-A520W,26,samsung",gelerius_1_20200106153111.pbf,1
BSB,2,gelerius,1,-79.92017375,43.26185318,"samsung,SM-A520W,26,samsung",gelerius_1_20200106153111.pbf,2
BSB,2,gelerius,1,-79.92018144,43.26185299,"samsung,SM-A520W,26,samsung",gelerius_1_20200106153111.pbf,3
BSB,2,gelerius,1,-79.92019682,43.2618526,"samsung,SM-A520W,26,samsung",gelerius_1_20200106153111.pbf,4
BSB,2,gelerius,1,-79.92021041,43.26185226,"samsung,SM-A520W,26,samsung",gelerius_1_20200106153111.pbf,5
BSB,2,gelerius,1,-79.92022213,43.26185196,"samsung,SM-A520W,26,samsung",gelerius_1_20200106153111.pbf,6
BSB,2,gelerius,1,-79.92025468,43.26185114,"samsung,SM-A520W,26,samsung",gelerius_1_20200106153111.pbf,7
BSB,2,gelerius,1,-79.92026028,43.261851,"samsung,SM-A520W,26,samsung",gelerius_1_20200106153111.pbf,8
BSB,2,gelerius,1,-79.92029706,43.26185007,"samsung,SM-A520W,26,samsung",gelerius_1_20200106153111.pbf,9
BSB,2,gelerius,1,-79.92030472,43.26184988,"samsung,SM-A520W,26,samsung",gelerius_1_20200106153111.pbf,10
BSB,2,gelerius,1,-79.92031238,43.26184969,"samsung,SM-A520W,26,samsung",gelerius_1_20200106153111.pbf,11
BSB,2,gelerius,1,-79.9203202,43.26184949,"samsung,SM-A520W,26,samsung",gelerius_1_20200106153111.pbf,12
BSB,2,gelerius,1,-79.92032785,43.2618493,"samsung,SM-A520W,26,samsung",gelerius_1_20200106153111.pbf,13
BSB,2,gelerius,1,-79.92033551,43.2618491,"samsung,SM-A520W,26,samsung",gelerius_1_20200106153111.pbf,14
BSB,2,gelerius,1,-79.92034316,43.26184891,"samsung,SM-A520W,26,samsung",gelerius_1_20200106153111.pbf,15
BSB,2,gelerius,1,-79.92035081,43.26184872,"samsung,SM-A520W,26,samsung",gelerius_1_20200106153111.pbf,16
BSB,2,gelerius,1,-79.92035847,43.26184852,"samsung,SM-A520W,26,samsung",gelerius_1_20200106153111.pbf,17
BSB,2,gelerius,1,-79.92036613,43.26184833,"samsung,SM-A520W,26,samsung",gelerius_1_20200106153111.pbf,18
BSB,2,gelerius,1,-79.92037379,43.26184814,"samsung,SM-A520W,26,samsung",gelerius_1_20200106153111.pbf,19
BSB,2,gelerius,1,-79.92038144,43.26184795,"samsung,SM-A520W,26,samsung",gelerius_1_20200106153111.pbf,20
BSB,2,gelerius,1,-79.92038922,43.26184775,"samsung,SM-A520W,26,samsung",gelerius_1_20200106153111.pbf,21
BSB,2,gelerius,1,-79.92039693,43.26184755,"samsung,SM-A520W,26,samsung",gelerius_1_20200106153111.pbf,22
BSB,2,gelerius,1,-79.92040458,43.26184736,"samsung,SM-A520W,26,samsung",gelerius_1_20200106153111.pbf,23
BSB,2,gelerius,1,-79.92041223,43.26184717,"samsung,SM-A520W,26,samsung",gelerius_1_20200106153111.pbf,24
BSB,2,gelerius,1,-79.92041988,43.26184698,"samsung,SM-A520W,26,samsung",gelerius_1_20200106153111.pbf,25
BSB,2,gelerius,1,-79.92042754,43.26184678,"samsung,SM-A520W,26,samsung",gelerius_1_20200106153111.pbf,26
BSB,2,gelerius,1,-79.92043519,43.26184659,"samsung,SM-A520W,26,samsung",gelerius_1_20200106153111.pbf,27
BSB,2,gelerius,1,-79.92044285,43.2618464,"samsung,SM-A520W,26,samsung",gelerius_1_20200106153111.pbf,28
BSB,2,gelerius,1,-79.92045512,43.26184609,"samsung,SM-A520W,26,samsung",gelerius_1_20200106153111.pbf,29
BSB,2,gelerius,1,-79.92047165,43.26184567,"samsung,SM-A520W,26,samsung",gelerius_1_20200106153111.pbf,30
BSB,2,gelerius,1,-79.92047967,43.26184547,"samsung,SM-A520W,26,samsung",gelerius_1_20200106153111.pbf,31
BSB,2,gelerius,1,-79.92049107,43.26184518,"samsung,SM-A520W,26,samsung",gelerius_1_20200106153111.pbf,32
BSB,2,gelerius,1,-79.92049905,43.26184498,"samsung,SM-A520W,26,samsung",gelerius_1_20200106153111.pbf,33
BSB,2,gelerius,1,-79.92050671,43.26184479,"samsung,SM-A520W,26,samsung",gelerius_1_20200106153111.pbf,34
BSB,2,gelerius,1,-79.92051454,43.26184459,"samsung,SM-A520W,26,samsung",gelerius_1_20200106153111.pbf,35
BSB,2,gelerius,1,-79.9205222,43.2618444,"samsung,SM-A520W,26,samsung",gelerius_1_20200106153111.pbf,36
BSB,2,gelerius,1,-79.92052985,43.2618442,"samsung,SM-A520W,26,samsung",gelerius_1_20200106153111.pbf,37
BSB,2,gelerius,1,-79.92053751,43.26184401,"samsung,SM-A520W,26,samsung",gelerius_1_20200106153111.pbf,38
BSB,2,gelerius,1,-79.92054515,43.26184382,"samsung,SM-A520W,26,samsung",gelerius_1_20200106153111.pbf,39
BSB,2,gelerius,1,-79.92055282,43.26184362,"samsung,SM-A520W,26,samsung",gelerius_1_20200106153111.pbf,40
BSB,2,gelerius,1,-79.92056046,43.26184343,"samsung,SM-A520W,26,samsung",gelerius_1_20200106153111.pbf,41
BSB,2,gelerius,1,-79.92056812,43.26184324,"samsung,SM-A520W,26,samsung",gelerius_1_20200106153111.pbf,42
BSB,2,gelerius,1,-79.92057576,43.26184304,"samsung,SM-A520W,26,samsung",gelerius_1_20200106153111.pbf,43
BSB,2,gelerius,1,-79.92058343,43.26184285,"samsung,SM-A520W,26,samsung",gelerius_1_20200106153111.pbf,44
BSB,2,gelerius,1,-79.92059108,43.26184266,"samsung,SM-A520W,26,samsung",gelerius_1_20200106153111.pbf,45
BSB,2,gelerius,1,-79.92059887,43.26184246,"samsung,SM-A520W,26,samsung",gelerius_1_20200106153111.pbf,46
BSB,2,gelerius,1,-79.9206067,43.26184226,"samsung,SM-A520W,26,samsung",gelerius_1_20200106153111.pbf,47
BSB,2,gelerius,1,-79.92061441,43.26184207,"samsung,SM-A520W,26,samsung",gelerius_1_20200106153111.pbf,48
BSB,2,gelerius,1,-79.92062224,43.26184187,"samsung,SM-A520W,26,samsung",gelerius_1_20200106153111.pbf,49
BSB,2,gelerius,1,-79.9206299,43.26184168,"samsung,SM-A520W,26,samsung",gelerius_1_20200106153111.pbf,50
BSB,2,gelerius,1,-79.92066526,43.26184079,"samsung,SM-A520W,26,samsung",gelerius_1_20200106153111.pbf,51
BSB,2,gelerius,1,-79.92067291,43.26184059,"samsung,SM-A520W,26,samsung",gelerius_1_20200106153111.pbf,52
BSB,2,gelerius,1,-79.92068056,43.2618404,"samsung,SM-A520W,26,samsung",gelerius_1_20200106153111.pbf,53
BSB,2,gelerius,1,-79.92068835,43.26184021,"samsung,SM-A520W,26,samsung",gelerius_1_20200106153111.pbf,54
BSB,2,gelerius,1,-79.92069618,43.26184001,"samsung,SM-A520W,26,samsung",gelerius_1_20200106153111.pbf,55
BSB,2,halle12,1,-79.92015432,43.26189107,"motorola,moto g(6),28,motorola",halle12_1_20200115140634.pbf,1
BSB,2,halle12,1,-79.92015434,43.26189135,"motorola,moto g(6),28,motorola",halle12_1_20200115140634.pbf,2
BSB,2,halle12,1,-79.92015436,43.26189155,"motorola,moto g(6),28,motorola",halle12_1_20200115140634.pbf,3
BSB,2,halle12,1,-79.9201827,43.26226316,"motorola,moto g(6),28,motorola",halle12_1_20200115140634.pbf,4
BSB,2,sunx46,1,-79.92019441,43.26245284,"HUAWEI,VOG-AL00,28,HUAWEI",sunx46_1_20191124151714.pbf,1
BSB,2,sunx46,1,-79.9201937,43.26243311,"HUAWEI,VOG-AL00,28,HUAWEI",sunx46_1_20191124151714.pbf,3
BSB,2,sunx46,1,-79.92019299,43.26241327,"HUAWEI,VOG-AL00,28,HUAWEI",sunx46_1_20191124151714.pbf,5
BSB,2,sunx46,1,-79.92017044,43.26178752,"HUAWEI,VOG-AL00,28,HUAWEI",sunx46_1_20191124151714.pbf,7
BSB,2,sunx46,1,-79.92020962,43.26226172,"HUAWEI,VOG-AL00,28,HUAWEI",sunx46_1_20191124152031.pbf,1
BSB,2,sunx46,1,-79.92023051,43.26226164,"HUAWEI,VOG-AL00,28,HUAWEI",sunx46_1_20191124152031.pbf,2
BSB,2,sunx46,1,-79.92025143,43.26226156,"HUAWEI,VOG-AL00,28,HUAWEI",sunx46_1_20191124152031.pbf,3
BSB,2,sunx46,1,-79.92035913,43.26226113,"HUAWEI,VOG-AL00,28,HUAWEI",sunx46_1_20191124152031.pbf,4
BSB,2,sunx46,1,-79.92046668,43.26226071,"HUAWEI,VOG-AL00,28,HUAWEI",sunx46_1_20191124152031.pbf,5
BSB,2,sunx46,1,-79.92065558,43.26225996,"HUAWEI,VOG-AL00,28,HUAWEI",sunx46_1_20191124152031.pbf,6
BSB,2,sunx46,1,-79.92066443,43.26225993,"HUAWEI,VOG-AL00,28,HUAWEI",sunx46_1_20191124152031.pbf,7
BSB,2,sunx46,1,-79.92046182,43.26225815,"HUAWEI,VOG-AL00,28,HUAWEI",sunx46_1_20191124152154.pbf,1
BSB,2,sunx46,1,-79.92033025,43.26226069,"HUAWEI,VOG-AL00,28,HUAWEI",sunx46_1_20191124152154.pbf,2
BSB,2,sunx46,1,-79.92028014,43.26226166,"HUAWEI,VOG-AL00,28,HUAWEI",sunx46_1_20191124152154.pbf,3
BSB,2,sunx46,1,-79.92025437,43.26226216,"HUAWEI,VOG-AL00,28,HUAWEI",sunx46_1_20191124152154.pbf,4
C,1,zengl9,1,-79.91915554,43.26555463,"OnePlus,ONEPLUS A6000,28,OnePlus",zengl9_1_20191018125406.pbf,1
C,1,zengl9,1,-79.91919351,43.26547859,"OnePlus,ONEPLUS A6000,28,OnePlus",zengl9_1_20191018125425.pbf,1
C,1,zengl9,1,-79.91931303,43.26554637,"OnePlus,ONEPLUS A6000,28,OnePlus",zengl9_1_20191018125425.pbf,2
CNH,1,xiey89,1,-79.91809142,43.26394251,"Xiaomi,MI 9,28,Xiaomi",xiey89_1_20191026102739.pbf,1
CNH,1,xiey89,1,-79.91809256,43.26395396,"Xiaomi,MI 9,28,Xiaomi",xiey89_1_20191026102739.pbf,2
CNH,1,xiey89,1,-79.91810308,43.26405968,"Xiaomi,MI 9,28,Xiaomi",xiey89_1_20191026102739.pbf,3
DBAC,1,liuz79,1,-79.91613837,43.26482655,"OnePlus,ONEPLUS A5010,28,OnePlus",liuz79_1_20191123183300.pbf,1
DBAC,1,liuz79,1,-79.91616696,43.26482553,"OnePlus,ONEPLUS A5010,28,OnePlus",liuz79_1_20191123183300.pbf,2
DBAC,1,liuz79,1,-79.9165459,43.26481211,"OnePlus,ONEPLUS A5010,28,OnePlus",liuz79_1_20191123183300.pbf,3
DBAC,1,liuz79,1,-79.91694868,43.26479554,"OnePlus,ONEPLUS A5010,28,OnePlus",liuz79_1_20191123183508.pbf,1
DBAC,1,liuz79,1,-79.91692767,43.26479688,"OnePlus,ONEPLUS A5010,28,OnePlus",liuz79_1_20191123183508.pbf,2
DBAC,1,liuz79,1,-79.91686847,43.26480066,"OnePlus,ONEPLUS A5010,28,OnePlus",liuz79_1_20191123183508.pbf,3
DBAC,1,liuz79,1,-79.91684787,43.26480197,"OnePlus,ONEPLUS A5010,28,OnePlus",liuz79_1_20191123183508.pbf,4
DBAC,1,liuz79,1,-79.91626526,43.26485598,"OnePlus,ONEPLUS A5010,28,OnePlus",liuz79_1_20191123183659.pbf,1
DBAC,1,liuz79,1,-79.91626634,43.26487249,"OnePlus,ONEPLUS A5010,28,OnePlus",liuz79_1_20191123183659.pbf,2
DBAC,1,liuz79,1,-79.91626948,43.26492079,"OnePlus,ONEPLUS A5010,28,OnePlus",liuz79_1_20191123183659.pbf,3
DBAC,1,liuz79,1,-79.91627054,43.26493715,"OnePlus,ONEPLUS A5010,28,OnePlus",liuz79_1_20191123183659.pbf,4
DBAC,1,maok2,1,-79.91619375,43.26480247,"HUAWEI,EML-L09,28,HUAWEI",maok2_1_20191123183308.pbf,1
DBAC,1,maok2,1,-79.91690153,43.26480482,"HUAWEI,EML-L09,28,HUAWEI",maok2_1_20191123183504.pbf,3
DBAC,2,liuz79,1,-79.91549985,43.26529137,"OnePlus,ONEPLUS A5010,28,OnePlus",liuz79_1_20191123184055.pbf,1
DBAC,2,liuz79,1,-79.91553365,43.26528823,"OnePlus,ONEPLUS A5010,28,OnePlus",liuz79_1_20191123184055.pbf,2
DBAC,2,liuz79,1,-79.91597697,43.26505221,"OnePlus,ONEPLUS A5010,28,OnePlus",liuz79_1_20191123184153.pbf,1
DBAC,2,liuz79,1,-79.91595066,43.26507002,"OnePlus,ONEPLUS A5010,28,OnePlus",liuz79_1_20191123184153.pbf,2
DBAC,2,maok2,1,-79.91559075,43.26527365,"HUAWEI,EML-L09,28,HUAWEI",maok2_1_20191123184055.pbf,1
DBAC,2,maok2,1,-79.91624572,43.26490286,"HUAWEI,EML-L09,28,HUAWEI",maok2_1_20191123184130.pbf,1
ETB,1,campbi1,1,-79.92001609,43.25834426,"samsung,SM-J120W,23,samsung",campbi1_1_20191017163913.pbf,1
ETB,1,campbi1,1,-79.92001836,43.25835507,"samsung,SM-J120W,23,samsung",campbi1_1_20191017163913.pbf,2
ETB,1,campbi1,1,-79.92002043,43.25836489,"samsung,SM-J120W,23,samsung",campbi1_1_20191017163913.pbf,3
ETB,1,campbi1,1,-79.92002252,43.25837479,"samsung,SM-J120W,23,samsung",campbi1_1_20191017163913.pbf,4
ETB,1,campbi1,1,-79.92002462,43.25838479,"samsung,SM-J120W,23,samsung",campbi1_1_20191017163913.pbf,5
ETB,1,campbi1,1,-79.9200268,43.25839512,"samsung,SM-J120W,23,samsung",campbi1_1_20191017163913.pbf,6
ETB,1,campbi1,1,-79.92002899,43.25840554,"samsung,SM-J120W,23,samsung",campbi1_1_20191017163913.pbf,7
ETB,1,campbi1,1,-79.92003123,43.25841617,"samsung,SM-J120W,23,samsung",campbi1_1_20191017163913.pbf,8
ETB,1,campbi1,1,-79.92003313,43.25842519,"samsung,SM-J120W,23,samsung",campbi1_1_20191017163913.pbf,9
ETB,1,campbi1,1,-79.92003537,43.25843582,"samsung,SM-J120W,23,samsung",campbi1_1_20191017163913.pbf,10
ETB,1,campbi1,1,-79.92003758,43.25844629,"samsung,SM-J120W,23,samsung",campbi1_1_20191017163913.pbf,11
ETB,1,campbi1,1,-79.92003977,43.25845669,"samsung,SM-J120W,23,samsung",campbi1_1_20191017163913.pbf,12
ETB,1,campbi1,1,-79.92004212,43.25846785,"samsung,SM-J120W,23,samsung",campbi1_1_20191017163913.pbf,13
ETB,1,campbi1,1,-79.92004435,43.25847845,"samsung,SM-J120W,23,samsung",campbi1_1_20191017163913.pbf,14
ETB,1,campbi1,1,-79.92004659,43.25848907,"samsung,SM-J120W,23,samsung",campbi1_1_20191017163913.pbf,15
ETB,1,campbi1,1,-79.92004881,43.25849962,"samsung,SM-J120W,23,samsung",campbi1_1_20191017163913.pbf,16
ETB,1,campbi1,1,-79.92005116,43.25851078,"samsung,SM-J120W,23,samsung",campbi1_1_20191017163913.pbf,17
ETB,1,campbi1,1,-79.92005284,43.25851875,"samsung,SM-J120W,23,samsung",campbi1_1_20191017163913.pbf,18
ETB,1,campbi1,1,-79.92005499,43.25852896,"samsung,SM-J120W,23,samsung",campbi1_1_20191017163913.pbf,19
ETB,1,campbi1,1,-79.92005718,43.25853936,"samsung,SM-J120W,23,samsung",campbi1_1_20191017163913.pbf,20
ETB,1,campbi1,1,-79.92005899,43.25854792,"samsung,SM-J120W,23,samsung",campbi1_1_20191017163913.pbf,21
ETB,1,campbi1,1,-79.92006119,43.25855837,"samsung,SM-J120W,23,samsung",campbi1_1_20191017163913.pbf,22
ETB,1,campbi1,1,-79.9200632,43.25856791,"samsung,SM-J120W,23,samsung",campbi1_1_20191017163913.pbf,23
ETB,1,campbi1,1,-79.92006539,43.25857833,"samsung,SM-J120W,23,samsung",campbi1_1_20191017163913.pbf,24
ETB,1,campbi1,1,-79.92006777,43.25858959,"samsung,SM-J120W,23,samsung",campbi1_1_20191017163913.pbf,25
ETB,1,campbi1,1,-79.92007002,43.25860028,"samsung,SM-J120W,23,samsung",campbi1_1_20191017163913.pbf,26
ETB,1,campbi1,1,-79.92007224,43.25861081,"samsung,SM-J120W,23,samsung",campbi1_1_20191017163913.pbf,27
ETB,1,campbi1,1,-79.92007441,43.25862114,"samsung,SM-J120W,23,samsung",campbi1_1_20191017163913.pbf,28
ETB,1,campbi1,1,-79.92007684,43.25863269,"samsung,SM-J120W,23,samsung",campbi1_1_20191017163913.pbf,29
ETB,1,campbi1,1,-79.92007895,43.25864268,"samsung,SM-J120W,23,samsung",campbi1_1_20191017163913.pbf,30
ETB,1,campbi1,1,-79.92008112,43.258653,"samsung,SM-J120W,23,samsung",campbi1_1_20191017163913.pbf,31
ETB,1,campbi1,1,-79.92008339,43.25866377,"samsung,SM-J120W,23,samsung",campbi1_1_20191017163913.pbf,32
ETB,1,campbi1,1,-79.92008567,43.25867458,"samsung,SM-J120W,23,samsung",campbi1_1_20191017163913.pbf,33
ETB,1,campbi1,1,-79.92008781,43.25868476,"samsung,SM-J120W,23,samsung",campbi1_1_20191017163913.pbf,34
ETB,1,campbi1,1,-79.92009006,43.2586954,"samsung,SM-J120W,23,samsung",campbi1_1_20191017163913.pbf,35
ETB,1,campbi1,1,-79.92009238,43.25870642,"samsung,SM-J120W,23,samsung",campbi1_1_20191017163913.pbf,36
ETB,1,campbi1,1,-79.9200946,43.25871699,"samsung,SM-J120W,23,samsung",campbi1_1_20191017163913.pbf,37
ETB,1,campbi1,1,-79.92009682,43.25872751,"samsung,SM-J120W,23,samsung",campbi1_1_20191017163913.pbf,38
ETB,1,campbi1,1,-79.92009899,43.2587378,"samsung,SM-J120W,23,samsung",campbi1_1_20191017163913.pbf,39
ETB,1,campbi1,1,-79.92010137,43.25874913,"samsung,SM-J120W,23,samsung",campbi1_1_20191017163913.pbf,40
ETB,1,campbi1,1,-79.92010361,43.25875975,"samsung,SM-J120W,23,samsung",campbi1_1_20191017163913.pbf,41
ETB,1,campbi1,1,-79.92010588,43.2587705,"samsung,SM-J120W,23,samsung",campbi1_1_20191017163913.pbf,42
ETB,1,campbi1,1,-79.920108,43.25878058,"samsung,SM-J120W,23,samsung",campbi1_1_20191017163913.pbf,43
ETB,1,gelerius,1,-79.92013369,43.25876999,"samsung,SM-A520W,26,samsung",gelerius_1_20191004151918.pbf,1
ETB,1,gelerius,1,-79.92013282,43.25874644,"samsung,SM-A520W,26,samsung",gelerius_1_20191004151918.pbf,2
ETB,1,gelerius,1,-79.92013199,43.2587241,"samsung,SM-A520W,26,samsung",gelerius_1_20191004151918.pbf,3
ETB,1,gelerius,1,-79.92013117,43.25870203,"samsung,SM-A520W,26,samsung",gelerius_1_20191004151918.pbf,4
ETB,1,gelerius,1,-79.92013034,43.25867965,"samsung,SM-A520W,26,samsung",gelerius_1_20191004151918.pbf,5
ETB,1,gelerius,1,-79.92012952,43.25865776,"samsung,SM-A520W,26,samsung",gelerius_1_20191004151918.pbf,6
ETB,1,gelerius,1,-79.92012869,43.25863541,"samsung,SM-A520W,26,samsung",gelerius_1_20191004151918.pbf,7
ETB,1,gelerius,1,-79.92012786,43.25861292,"samsung,SM-A520W,26,samsung",gelerius_1_20191004151918.pbf,8
ETB,1,gelerius,1,-79.92012703,43.25859054,"samsung,SM-A520W,26,samsung",gelerius_1_20191004151918.pbf,9
ETB,1,gelerius,1,-79.92012595,43.25856139,"samsung,SM-A520W,26,samsung",gelerius_1_20191004151918.pbf,10
ETB,1,gelerius,1,-79.92012509,43.25853838,"samsung,SM-A520W,26,samsung",gelerius_1_20191004151918.pbf,11
ETB,1,gelerius,1,-79.92012426,43.25851601,"samsung,SM-A520W,26,samsung",gelerius_1_20191004151918.pbf,12
ETB,1,gelerius,1,-79.92012345,43.25849408,"samsung,SM-A520W,26,samsung",gelerius_1_20191004151918.pbf,13
ETB,1,gelerius,1,-79.92012262,43.25847182,"samsung,SM-A520W,26,samsung",gelerius_1_20191004151918.pbf,14
ETB,1,gelerius,1,-79.92012171,43.25844733,"samsung,SM-A520W,26,samsung",gelerius_1_20191004151918.pbf,15
ETB,1,gelerius,1,-79.92012089,43.25842527,"samsung,SM-A520W,26,samsung",gelerius_1_20191004151918.pbf,16
ETB,1,gelerius,1,-79.92012007,43.25840294,"samsung,SM-A520W,26,samsung",gelerius_1_20191004151918.pbf,17
ETB,1,gelerius,1,-79.92011925,43.25838087,"samsung,SM-A520W,26,samsung",gelerius_1_20191004151918.pbf,18
ETB,1,gelerius,1,-79.92011841,43.25835844,"samsung,SM-A520W,26,samsung",gelerius_1_20191004151918.pbf,19
ETB,1,gelerius,1,-79.92011758,43.25833604,"samsung,SM-A520W,26,samsung",gelerius_1_20191004151918.pbf,20
ETB,1,gelerius,1,-79.92011677,43.25831421,"samsung,SM-A520W,26,samsung",gelerius_1_20191004151918.pbf,21
ETB,1,liu433,1,-79.92010367,43.25830226,"HUAWEI,JSN-L23,27,HONOR",liu433_1_20190901125344.pbf,1
ETB,1,liu433,1,-79.92010909,43.25839977,"HUAWEI,JSN-L23,27,HONOR",liu433_1_20190901125344.pbf,2
ETB,1,liu433,1,-79.92011452,43.25849741,"HUAWEI,JSN-L23,27,HONOR",liu433_1_20190901125344.pbf,3
ETB,1,liu433,1,-79.92015823,43.25878,"HUAWEI,JSN-L23,27,HONOR",liu433_1_20190901125457.pbf,1
ETB,1,liu433,1,-79.92014866,43.25869539,"HUAWEI,JSN-L23,27,HONOR",liu433_1_20190901125457.pbf,2
ETB,1,liu433,1,-79.92013913,43.25861117,"HUAWEI,JSN-L23,27,HONOR",liu433_1_20190901125457.pbf,3
ETB,1,liu433,1,-79.92012958,43.25852665,"HUAWEI,JSN-L23,27,HONOR",liu433_1_20190901125457.pbf,4
ETB,1,liu433,1,-79.9201272,43.25850562,"HUAWEI,JSN-L23,27,HONOR",liu433_1_20190901125457.pbf,5
ETB,1,liu433,1,-79.92012005,43.2584424,"HUAWEI,JSN-L23,27,HONOR",liu433_1_20190901125457.pbf,6
ETB,1,liu433,1,-79.92011054,43.25835828,"HUAWEI,JSN-L23,27,HONOR",liu433_1_20190901125457.pbf,7
ETB,1,shil9,1,-79.92014829,43.25822405,"HUAWEI,JSN-L23,27,HONOR",shil9_1_20190930165458.pbf,3
ETB,1,shil9,1,-79.92014252,43.25835567,"HUAWEI,JSN-L23,27,HONOR",shil9_1_20190930165458.pbf,4
ETB,1,shil9,1,-79.92013384,43.25855371,"HUAWEI,JSN-L23,27,HONOR",shil9_1_20190930165458.pbf,7
ETB,2,shil9,1,-79.92029444,43.25874271,"HUAWEI,JSN-L23,27,HONOR",shil9_1_20190930170108.pbf,1
ETB,2,shil9,1,-79.92028957,43.25874271,"HUAWEI,JSN-L23,27,HONOR",shil9_1_20190930170108.pbf,4
ETB,2,shil9,1,-79.92011741,43.25874293,"HUAWEI,JSN-L23,27,HONOR",shil9_1_20190930170108.pbf,7
ETB,2,shil9,1,-79.91997274,43.25872163,"HUAWEI,JSN-L23,27,HONOR",shil9_1_20190930170212.pbf,2
ETB,2,shil9,1,-79.91995254,43.25847665,"HUAWEI,JSN-L23,27,HONOR",shil9_1_20190930170212.pbf,4
ETB,3,shil9,1,-79.91998076,43.25866832,"HUAWEI,JSN-L23,27,HONOR",shil9_1_20190930165717.pbf,1
ETB,3,shil9,1,-79.91995146,43.25837299,"HUAWEI,JSN-L23,27,HONOR",shil9_1_20190930165717.pbf,10
ETB,3,shil9,1,-79.91996898,43.25854961,"HUAWEI,JSN-L23,27,HONOR",shil9_1_20190930165717.pbf,4
ETB,3,shil9,1,-79.91996319,43.25849118,"HUAWEI,JSN-L23,27,HONOR",shil9_1_20190930165717.pbf,7
ETB,3,shil9,1,-79.91996076,43.25825146,"HUAWEI,JSN-L23,27,HONOR",shil9_1_20190930165754.pbf,1
ETB,3,shil9,1,-79.92019447,43.2582196,"HUAWEI,JSN-L23,27,HONOR",shil9_1_20190930165819.pbf,1
ETB,3,shil9,1,-79.9200478,43.25822973,"HUAWEI,JSN-L23,27,HONOR",shil9_1_20190930165819.pbf,4
ETB,3,shil9,1,-79.91994502,43.25825854,"HUAWEI,JSN-L23,27,HONOR",shil9_1_20190930165906.pbf,1
ETB,3,shil9,1,-79.91995179,43.25844196,"HUAWEI,JSN-L23,27,HONOR",shil9_1_20190930165906.pbf,4
ETB,3,shil9,1,-79.91996521,43.25864913,"HUAWEI,JSN-L23,27,HONOR",shil9_1_20190930165947.pbf,1
HGTL,1,alderss,1,-79.92276891,43.26103346,"Razer,Phone 2,28,razer",alderss_1_20191029150531.pbf,1
HGTL,1,alderss,1,-79.92269833,43.26104155,"Razer,Phone 2,28,razer",alderss_1_20191029150531.pbf,2
HGTL,1,alderss,1,-79.92263599,43.26104869,"Razer,Phone 2,28,razer",alderss_1_20191029150531.pbf,3
HGTL,1,alderss,1,-79.9225714,43.26105609,"Razer,Phone 2,28,razer",alderss_1_20191029150531.pbf,4
HGTL,1,ganz3,1,-79.92253695,43.26099619,"HUAWEI,VOG-AL00,28,HUAWEI",ganz3_1_20191018124122.pbf,1
HGTL,1,ganz3,1,-79.92254001,43.26102243,"HUAWEI,VOG-AL00,28,HUAWEI",ganz3_1_20191018124122.pbf,3
HGTL,1,ganz3,1,-79.92254751,43.26108665,"HUAWEI,VOG-AL00,28,HUAWEI",ganz3_1_20191018124122.pbf,5
HGTL,1,jiangx25,1,-79.92241895,43.26110868,"HUAWEI,MAR-LX3A,28,HUAWEI",jiangx25_1_20191015133801.pbf,1
HGTL,1,jiangx25,1,-79.92242951,43.26127063,"HUAWEI,MAR-LX3A,28,HUAWEI",jiangx25_1_20191015133801.pbf,2
HGTL,1,zengl9,1,-79.92266082,43.26104509,"OnePlus,ONEPLUS A6000,28,OnePlus",zengl9_1_20191018124131.pbf,1
HGTL,1,zengl9,1,-79.92264075,43.26109144,"OnePlus,ONEPLUS A6000,28,OnePlus",zengl9_1_20191018124131.pbf,2
HGTL,1,zengl9,1,-79.92243927,43.26112689,"OnePlus,ONEPLUS A6000,28,OnePlus",zengl9_1_20191018124259.pbf,1
HGTL,1,zengl9,1,-79.92242752,43.26123515,"OnePlus,ONEPLUS A6000,28,OnePlus",zengl9_1_20191018124259.pbf,2
HGTL,1,zengl9,1,-79.92242567,43.26125221,"OnePlus,ONEPLUS A6000,28,OnePlus",zengl9_1_20191018124259.pbf,3
HGTL,1,zengl9,1,-79.92242356,43.26127166,"OnePlus,ONEPLUS A6000,28,OnePlus",zengl9_1_20191018124259.pbf,4
HGTL,1,zengl9,1,-79.92263579,43.26098448,"OnePlus,ONEPLUS A6000,28,OnePlus",zengl9_1_20191018124750.pbf,1
HGTL,1,zengl9,1,-79.92247887,43.26110001,"OnePlus,ONEPLUS A6000,28,OnePlus",zengl9_1_20191018124750.pbf,2
HGTL,1,zengl9,1,-79.92242272,43.26114136,"OnePlus,ONEPLUS A6000,28,OnePlus",zengl9_1_20191018124750.pbf,3
HGTL,2,zengl9,1,-79.92242364,43.26097634,"OnePlus,ONEPLUS A6000,28,OnePlus",zengl9_1_20191018124958.pbf,1
HGTL,2,zengl9,1,-79.9226095,43.26110334,"OnePlus,ONEPLUS A6000,28,OnePlus",zengl9_1_20191018124958.pbf,2
HGTL,2,zengl9,1,-79.92270732,43.26117017,"OnePlus,ONEPLUS A6000,28,OnePlus",zengl9_1_20191018124958.pbf,3
HGTL,2,zengl9,1,-79.92274156,43.26119357,"OnePlus,ONEPLUS A6000,28,OnePlus",zengl9_1_20191018124958.pbf,4
HGTL,2,zengl9,1,-79.92256295,43.26107044,"OnePlus,ONEPLUS A6000,28,OnePlus",zengl9_1_20191018125045.pbf,1
HGTL,2,zengl9,1,-79.92254526,43.26110298,"OnePlus,ONEPLUS A6000,28,OnePlus",zengl9_1_20191018125045.pbf,2
HGTL,2,zengl9,1,-79.92252677,43.26120436,"OnePlus,ONEPLUS A6000,28,OnePlus",zengl9_1_20191018125139.pbf,1
HGTL,2,zengl9,1,-79.92284926,43.26118149,"OnePlus,ONEPLUS A6000,28,OnePlus",zengl9_1_20191018125333.pbf,1
HGTL,2,zengl9,1,-79.92256546,43.26119323,"OnePlus,ONEPLUS A6000,28,OnePlus",zengl9_1_20191018125333.pbf,2
HGTL,3,zengl9,1,-79.92262611,43.26091574,"OnePlus,ONEPLUS A6000,28,OnePlus",zengl9_1_20191018124849.pbf,1
HGTL,3,zengl9,1,-79.92258241,43.26095337,"OnePlus,ONEPLUS A6000,28,OnePlus",zengl9_1_20191018124849.pbf,2
HGTL,3,zengl9,1,-79.92238442,43.2611239,"OnePlus,ONEPLUS A6000,28,OnePlus",zengl9_1_20191018124849.pbf,3
HGTL,3,zhabi23,1,-79.92285129,43.26112994,"HUAWEI,JSN-L23,27,HONOR",zhabi23_1_20191119231535.pbf,1
HGTL,3,zhabi23,1,-79.92268938,43.26119198,"HUAWEI,JSN-L23,27,HONOR",zhabi23_1_20191119231535.pbf,2
HGTL,3,zhabi23,1,-79.92252672,43.2612543,"HUAWEI,JSN-L23,27,HONOR",zhabi23_1_20191119231535.pbf,3
HH,1,fuy82,1,-79.92030589,43.26315743,"OnePlus,HD1905,29,OnePlus",fuy82_1_20191026163224.pbf,1
HH,1,fuy82,1,-79.92029743,43.26310878,"OnePlus,HD1905,29,OnePlus",fuy82_1_20191026163224.pbf,2
HH,1,fuy82,1,-79.92029002,43.26306612,"OnePlus,HD1905,29,OnePlus",fuy82_1_20191026163224.pbf,3
HH,1,wangh295,1,-79.9202729,43.2629652,"HUAWEI,MAR-LX3A,28,HUAWEI",wangh295_1_20191026162806.pbf,1
HH,1,wangh295,1,-79.92027307,43.26296836,"HUAWEI,MAR-LX3A,28,HUAWEI",wangh295_1_20191026162806.pbf,3
HH,1,wangh295,1,-79.92027323,43.26297138,"HUAWEI,MAR-LX3A,28,HUAWEI",wangh295_1_20191026162806.pbf,5
HH,1,wangh295,1,-79.9202795,43.26318489,"HUAWEI,MAR-LX3A,28,HUAWEI",wangh295_1_20191026163313.pbf,1
HH,1,wangh295,1,-79.92027186,43.26318596,"HUAWEI,MAR-LX3A,28,HUAWEI",wangh295_1_20191026163313.pbf,4
HH,1,wangh295,1,-79.92026449,43.263187,"HUAWEI,MAR-LX3A,28,HUAWEI",wangh295_1_20191026163313.pbf,5
HH,3,fuy82,1,-79.92035031,43.2631717,"OnePlus,HD1905,29,OnePlus",fuy82_1_20191026163611.pbf,1
HH,3,fuy82,1,-79.92031057,43.26317424,"OnePlus,HD1905,29,OnePlus",fuy82_1_20191026163611.pbf,2
HH,3,fuy82,1,-79.9202642,43.26317722,"OnePlus,HD1905,29,OnePlus",fuy82_1_20191026163611.pbf,3
HH,3,fuy82,1,-79.92009287,43.26319307,"OnePlus,HD1905,29,OnePlus",fuy82_1_20191026163819.pbf,1
HH,3,fuy82,1,-79.92014068,43.26319125,"OnePlus,HD1905,29,OnePlus",fuy82_1_20191026163819.pbf,2
HH,3,fuy82,1,-79.92019454,43.26318921,"OnePlus,HD1905,29,OnePlus",fuy82_1_20191026163819.pbf,3
HH,3,fuy82,1,-79.9202471,43.26318721,"OnePlus,HD1905,29,OnePlus",fuy82_1_20191026163819.pbf,4
HH,3,wangh295,1,-79.92036246,43.2631822,"HUAWEI,MAR-LX3A,28,HUAWEI",wangh295_1_20191026163610.pbf,1
HH,3,wangh295,1,-79.92035857,43.26318247,"HUAWEI,MAR-LX3A,28,HUAWEI",wangh295_1_20191026163610.pbf,3
HH,3,wangh295,1,-79.92035442,43.26318276,"HUAWEI,MAR-LX3A,28,HUAWEI",wangh295_1_20191026163610.pbf,5
HH,3,wangh295,1,-79.92028062,43.2631879,"HUAWEI,MAR-LX3A,28,HUAWEI",wangh295_1_20191026163610.pbf,7
HH,3,wangh295,1,-79.9200674,43.26319767,"HUAWEI,MAR-LX3A,28,HUAWEI",wangh295_1_20191026163853.pbf,1
HH,3,wangh295,1,-79.92007142,43.26319753,"HUAWEI,MAR-LX3A,28,HUAWEI",wangh295_1_20191026163853.pbf,3
HH,3,wangh295,1,-79.92007511,43.2631974,"HUAWEI,MAR-LX3A,28,HUAWEI",wangh295_1_20191026163853.pbf,5
HH,3,wangh295,1,-79.9203757,43.26305847,"HUAWEI,MAR-LX3A,28,HUAWEI",wangh295_1_20191026164037.pbf,1
HH,4,fuy82,1,-79.92037733,43.26317678,"OnePlus,HD1905,29,OnePlus",fuy82_1_20191026164210.pbf,1
HH,4,fuy82,1,-79.92037598,43.26314753,"OnePlus,HD1905,29,OnePlus",fuy82_1_20191026164210.pbf,2
HH,4,fuy82,1,-79.92037471,43.26311996,"OnePlus,HD1905,29,OnePlus",fuy82_1_20191026164210.pbf,3
HH,4,fuy82,1,-79.92037334,43.26309032,"OnePlus,HD1905,29,OnePlus",fuy82_1_20191026164210.pbf,4
HH,4,fuy82,1,-79.91994685,43.26315228,"OnePlus,HD1905,29,OnePlus",fuy82_1_20191026164347.pbf,1
HH,4,fuy82,1,-79.91987343,43.26314818,"OnePlus,HD1905,29,OnePlus",fuy82_1_20191026164347.pbf,2
HH,4,fuy82,1,-79.91985203,43.26314097,"OnePlus,HD1905,29,OnePlus",fuy82_1_20191026164515.pbf,1
HH,4,wangh295,1,-79.92035666,43.26307123,"HUAWEI,MAR-LX3A,28,HUAWEI",wangh295_1_20191026164242.pbf,1
HH,4,wangh295,1,-79.9202289,43.26319213,"HUAWEI,MAR-LX3A,28,HUAWEI",wangh295_1_20191026164325.pbf,1
HH,4,wangh295,1,-79.92007779,43.26320473,"HUAWEI,MAR-LX3A,28,HUAWEI",wangh295_1_20191026164504.pbf,1
HH,4,wangh295,1,-79.92008305,43.26320434,"HUAWEI,MAR-LX3A,28,HUAWEI",wangh295_1_20191026164504.pbf,3
HH,4,wangh295,1,-79.92008865,43.26320392,"HUAWEI,MAR-LX3A,28,HUAWEI",wangh295_1_20191026164504.pbf,5
IAHS,2,liu433,1,-79.92119343,43.25975638,"HUAWEI,JSN-L23,27,HONOR",liu433_1_20190901130655.pbf,1
IAHS,2,liu433,1,-79.92118862,43.25975651,"HUAWEI,JSN-L23,27,HONOR",liu433_1_20190901130655.pbf,2
IAHS,2,liu433,1,-79.92118383,43.25975663,"HUAWEI,JSN-L23,27,HONOR",liu433_1_20190901130655.pbf,3
IAHS,2,liu433,1,-79.92117882,43.25975677,"HUAWEI,JSN-L23,27,HONOR",liu433_1_20190901130655.pbf,4
IAHS,2,liu433,1,-79.92117386,43.2597569,"HUAWEI,JSN-L23,27,HONOR",liu433_1_20190901130655.pbf,5
IAHS,2,liu433,1,-79.92116896,43.25975703,"HUAWEI,JSN-L23,27,HONOR",liu433_1_20190901130655.pbf,6
IAHS,2,liu433,1,-79.92110755,43.25975865,"HUAWEI,JSN-L23,27,HONOR",liu433_1_20190901130655.pbf,7
IAHS,2,liu433,1,-79.92104633,43.25976027,"HUAWEI,JSN-L23,27,HONOR",liu433_1_20190901130655.pbf,8
IAHS,2,liu433,1,-79.92098497,43.25976189,"HUAWEI,JSN-L23,27,HONOR",liu433_1_20190901130655.pbf,9
IAHS,2,liu433,1,-79.92092356,43.25976351,"HUAWEI,JSN-L23,27,HONOR",liu433_1_20190901130655.pbf,10
IAHS,2,liu433,1,-79.92079869,43.25976681,"HUAWEI,JSN-L23,27,HONOR",liu433_1_20190901130655.pbf,11
IAHS,2,liu433,1,-79.92067298,43.25977013,"HUAWEI,JSN-L23,27,HONOR",liu433_1_20190901130655.pbf,12
IAHS,2,liu433,1,-79.92054756,43.25977345,"HUAWEI,JSN-L23,27,HONOR",liu433_1_20190901130655.pbf,13
IAHS,2,liu433,1,-79.92048899,43.25978403,"HUAWEI,JSN-L23,27,HONOR",liu433_1_20190901130804.pbf,1
IAHS,2,liu433,1,-79.92057908,43.25978169,"HUAWEI,JSN-L23,27,HONOR",liu433_1_20190901130804.pbf,2
IAHS,2,liu433,1,-79.92061445,43.25978077,"HUAWEI,JSN-L23,27,HONOR",liu433_1_20190901130804.pbf,3
IAHS,2,liu433,1,-79.92073928,43.25977753,"HUAWEI,JSN-L23,27,HONOR",liu433_1_20190901130804.pbf,4
IAHS,2,liu433,1,-79.92086431,43.25977429,"HUAWEI,JSN-L23,27,HONOR",liu433_1_20190901130804.pbf,5
IAHS,2,liu433,1,-79.9209887,43.25977107,"HUAWEI,JSN-L23,27,HONOR",liu433_1_20190901130804.pbf,6
IAHS,2,liu433,1,-79.92111313,43.25976784,"HUAWEI,JSN-L23,27,HONOR",liu433_1_20190901130804.pbf,7
IAHS,2,liu433,1,-79.92028774,43.25960063,"HUAWEI,JSN-L23,27,HONOR",liu433_1_20190901131049.pbf,1
IAHS,2,liu433,1,-79.9202981,43.25955215,"HUAWEI,JSN-L23,27,HONOR",liu433_1_20190901131049.pbf,2
IAHS,2,liu433,1,-79.92030376,43.25952562,"HUAWEI,JSN-L23,27,HONOR",liu433_1_20190901131049.pbf,3
IAHS,2,liu433,1,-79.92030839,43.25950395,"HUAWEI,JSN-L23,27,HONOR",liu433_1_20190901131049.pbf,4
IAHS,2,liu433,1,-79.9203186,43.25945616,"HUAWEI,JSN-L23,27,HONOR",liu433_1_20190901131049.pbf,5
IAHS,2,liu433,1,-79.92032888,43.25940801,"HUAWEI,JSN-L23,27,HONOR",liu433_1_20190901131049.pbf,6
IAHS,2,liu433,1,-79.92033914,43.25935998,"HUAWEI,JSN-L23,27,HONOR",liu433_1_20190901131049.pbf,7
IAHS,2,liu433,1,-79.92120155,43.25969823,"HUAWEI,JSN-L23,27,HONOR",liu433_1_20190901131209.pbf,1
IAHS,2,liu433,1,-79.92113504,43.25969782,"HUAWEI,JSN-L23,27,HONOR",liu433_1_20190901131209.pbf,2
IAHS,2,liu433,1,-79.92106555,43.25969739,"HUAWEI,JSN-L23,27,HONOR",liu433_1_20190901131209.pbf,3
IAHS,2,liu433,1,-79.92093074,43.25969656,"HUAWEI,JSN-L23,27,HONOR",liu433_1_20190901131209.pbf,4
IAHS,2,liu433,1,-79.92079607,43.25969573,"HUAWEI,JSN-L23,27,HONOR",liu433_1_20190901131209.pbf,5
IAHS,2,liu433,1,-79.92066055,43.25969489,"HUAWEI,JSN-L23,27,HONOR",liu433_1_20190901131209.pbf,6
IAHS,2,liu433,1,-79.92052544,43.25969405,"HUAWEI,JSN-L23,27,HONOR",liu433_1_20190901131209.pbf,7
ITB,1,chenj194,1,-79.92125471,43.25880672,"HUAWEI,PAR-AL00,28,HUAWEI",chenj194_1_20191010170728.pbf,1
ITB,1,liu433,1,-79.92073225,43.25882768,"HUAWEI,MAR-LX3A,28,HUAWEI",liu433_1_20190911132218.pbf,1
ITB,1,liu433,1,-79.92072426,43.25880789,"HUAWEI,MAR-LX3A,28,HUAWEI",liu433_1_20190911132218.pbf,2
ITB,1,liu433,1,-79.9207163,43.25878816,"HUAWEI,MAR-LX3A,28,HUAWEI",liu433_1_20190911132218.pbf,3
ITB,2,dail5,1,-79.92125921,43.25871841,"samsung,SM-G950W,26,samsung",dail5_1_20191007133646.pbf,2
ITB,2,dail5,1,-79.92123477,43.25871942,"samsung,SM-G950W,26,samsung",dail5_1_20191007133646.pbf,3
ITB,2,dail5,1,-79.92123477,43.25871942,"samsung,SM-G950W,26,samsung",dail5_1_20191007133646.pbf,4
ITB,2,dail5,1,-79.92121057,43.25872042,"samsung,SM-G950W,26,samsung",dail5_1_20191007133646.pbf,5
ITB,2,dail5,1,-79.9211868,43.2587214,"samsung,SM-G950W,26,samsung",dail5_1_20191007133646.pbf,7
ITB,2,dail5,1,-79.92114504,43.25872312,"samsung,SM-G950W,26,samsung",dail5_1_20191007133646.pbf,10
ITB,2,dail5,1,-79.92130595,43.25850464,"samsung,SM-G950W,26,samsung",dail5_1_20191007133802.pbf,32
ITB,2,dail5,1,-79.92132338,43.2587738,"samsung,SM-G950W,26,samsung",dail5_1_20191007133802.pbf,1
ITB,2,dail5,1,-79.92132227,43.25875658,"samsung,SM-G950W,26,samsung",dail5_1_20191007133802.pbf,3
ITB,2,dail5,1,-79.92132121,43.25874025,"samsung,SM-G950W,26,samsung",dail5_1_20191007133802.pbf,5
ITB,2,dail5,1,-79.92132011,43.2587233,"samsung,SM-G950W,26,samsung",dail5_1_20191007133802.pbf,7
ITB,2,dail5,1,-79.92131905,43.25870699,"samsung,SM-G950W,26,samsung",dail5_1_20191007133802.pbf,9
ITB,2,dail5,1,-79.92131905,43.25870699,"samsung,SM-G950W,26,samsung",dail5_1_20191007133802.pbf,10
ITB,2,dail5,1,-79.92131797,43.25869033,"samsung,SM-G950W,26,samsung",dail5_1_20191007133802.pbf,11
ITB,2,dail5,1,-79.92131688,43.25867336,"samsung,SM-G950W,26,samsung",dail5_1_20191007133802.pbf,13
ITB,2,dail5,1,-79.92131688,43.25867336,"samsung,SM-G950W,26,samsung",dail5_1_20191007133802.pbf,14
ITB,2,dail5,1,-79.92131577,43.25865629,"samsung,SM-G950W,26,samsung",dail5_1_20191007133802.pbf,15
ITB,2,dail5,1,-79.92131469,43.25863963,"samsung,SM-G950W,26,samsung",dail5_1_20191007133802.pbf,17
ITB,2,dail5,1,-79.92131359,43.25862266,"samsung,SM-G950W,26,samsung",dail5_1_20191007133802.pbf,19
ITB,2,dail5,1,-79.92131249,43.25860561,"samsung,SM-G950W,26,samsung",dail5_1_20191007133802.pbf,21
ITB,2,dail5,1,-79.92131138,43.25858857,"samsung,SM-G950W,26,samsung",dail5_1_20191007133802.pbf,23
ITB,2,dail5,1,-79.92131026,43.25857127,"samsung,SM-G950W,26,samsung",dail5_1_20191007133802.pbf,25
ITB,2,dail5,1,-79.92130815,43.25853866,"samsung,SM-G950W,26,samsung",dail5_1_20191007133802.pbf,27
ITB,2,dail5,1,-79.92130705,43.25852169,"samsung,SM-G950W,26,samsung",dail5_1_20191007133802.pbf,30
ITB,2,dail5,1,-79.92130595,43.25850464,"samsung,SM-G950W,26,samsung",dail5_1_20191007133802.pbf,31
ITB,2,dail5,1,-79.9213026,43.258521,"samsung,SM-G950W,26,samsung",dail5_1_20191007133859.pbf,1
ITB,2,dail5,1,-79.92130326,43.25854259,"samsung,SM-G950W,26,samsung",dail5_1_20191007133859.pbf,3
ITB,2,dail5,1,-79.9213039,43.25856404,"samsung,SM-G950W,26,samsung",dail5_1_20191007133859.pbf,5
ITB,2,dail5,1,-79.92130454,43.25858514,"samsung,SM-G950W,26,samsung",dail5_1_20191007133859.pbf,7
ITB,2,dail5,1,-79.92130518,43.25860637,"samsung,SM-G950W,26,samsung",dail5_1_20191007133859.pbf,9
ITB,2,dail5,1,-79.92130632,43.25864375,"samsung,SM-G950W,26,samsung",dail5_1_20191007133859.pbf,11
ITB,2,dail5,1,-79.92130697,43.25866533,"samsung,SM-G950W,26,samsung",dail5_1_20191007133859.pbf,13
ITB,2,dail5,1,-79.92130817,43.25870491,"samsung,SM-G950W,26,samsung",dail5_1_20191007133859.pbf,15
ITB,2,dail5,1,-79.92130883,43.2587269,"samsung,SM-G950W,26,samsung",dail5_1_20191007133859.pbf,17
ITB,2,dail5,1,-79.92130948,43.25874849,"samsung,SM-G950W,26,samsung",dail5_1_20191007133859.pbf,20
ITB,2,dail5,1,-79.92127457,43.25884368,"samsung,SM-G950W,26,samsung",dail5_1_20191007133937.pbf,2
ITB,2,dail5,1,-79.92127475,43.25886324,"samsung,SM-G950W,26,samsung",dail5_1_20191007133937.pbf,3
ITB,2,dail5,1,-79.92127493,43.25888261,"samsung,SM-G950W,26,samsung",dail5_1_20191007133937.pbf,5
ITB,2,dail5,1,-79.92127524,43.25891607,"samsung,SM-G950W,26,samsung",dail5_1_20191007133937.pbf,7
ITB,2,dail5,1,-79.9212756,43.25895599,"samsung,SM-G950W,26,samsung",dail5_1_20191007133937.pbf,9
ITB,2,dail5,1,-79.92127578,43.25897575,"samsung,SM-G950W,26,samsung",dail5_1_20191007133937.pbf,11
ITB,2,dail5,1,-79.92127596,43.25899539,"samsung,SM-G950W,26,samsung",dail5_1_20191007133937.pbf,13
ITB,2,dail5,1,-79.92127614,43.25901537,"samsung,SM-G950W,26,samsung",dail5_1_20191007133937.pbf,16
ITB,2,donga9,1,-79.92066869,43.25892176,"HUAWEI,HMA-AL00,28,HUAWEI",donga9_1_20191218132141.pbf,1
ITB,2,donga9,1,-79.9206802,43.25891323,"HUAWEI,HMA-AL00,28,HUAWEI",donga9_1_20191218132141.pbf,2
ITB,2,donga9,1,-79.92069161,43.25890477,"HUAWEI,HMA-AL00,28,HUAWEI",donga9_1_20191218132141.pbf,3
ITB,2,donga9,1,-79.92076444,43.25885079,"HUAWEI,HMA-AL00,28,HUAWEI",donga9_1_20191218132141.pbf,4
ITB,2,donga9,1,-79.92095341,43.25871075,"HUAWEI,HMA-AL00,28,HUAWEI",donga9_1_20191218132141.pbf,5
ITB,2,liu433,1,-79.92100662,43.25894834,"HUAWEI,MAR-LX3A,28,HUAWEI",liu433_1_20190906223222.pbf,1
ITB,2,liu433,1,-79.92097336,43.2589584,"HUAWEI,MAR-LX3A,28,HUAWEI",liu433_1_20190906223222.pbf,2
ITB,2,liu433,1,-79.92095419,43.2589642,"HUAWEI,MAR-LX3A,28,HUAWEI",liu433_1_20190906223222.pbf,3
ITB,2,liu433,1,-79.92093613,43.25896966,"HUAWEI,MAR-LX3A,28,HUAWEI",liu433_1_20190906223222.pbf,4
ITB,2,royh,1,-79.92109251,43.25905612,"LGE,LG-H873,24,lge",royh_1_20191121171328.pbf,1
ITB,2,royh,1,-79.92099559,43.2590589,"LGE,LG-H873,24,lge",royh_1_20191121171328.pbf,2
ITB,2,royh,1,-79.92089868,43.25906169,"LGE,LG-H873,24,lge",royh_1_20191121171328.pbf,3
ITB,2,royh,1,-79.92079865,43.25906456,"LGE,LG-H873,24,lge",royh_1_20191121171328.pbf,4
ITB,2,weiy49,1,-79.92072025,43.25873754,"HUAWEI,ALP-L29,26,HUAWEI",weiy49_1_20190831143225.pbf,1
ITB,2,weiy49,1,-79.92078213,43.25873651,"HUAWEI,ALP-L29,26,HUAWEI",weiy49_1_20190831143225.pbf,2
ITB,2,weiy49,1,-79.92084408,43.25873548,"HUAWEI,ALP-L29,26,HUAWEI",weiy49_1_20190831143225.pbf,3
ITB,2,weiy49,1,-79.92090698,43.25873443,"HUAWEI,ALP-L29,26,HUAWEI",weiy49_1_20190831143225.pbf,4
ITB,2,weiy49,1,-79.92096651,43.25873344,"HUAWEI,ALP-L29,26,HUAWEI",weiy49_1_20190831143225.pbf,5
ITB,2,weiy49,1,-79.92093022,43.25872824,"HUAWEI,ALP-L29,26,HUAWEI",weiy49_1_20190831143326.pbf,1
ITB,2,weiy49,1,-79.92086658,43.25872993,"HUAWEI,ALP-L29,26,HUAWEI",weiy49_1_20190831143326.pbf,2
ITB,2,weiy49,1,-79.92080321,43.25873161,"HUAWEI,ALP-L29,26,HUAWEI",weiy49_1_20190831143326.pbf,3
ITB,2,weiy49,1,-79.92074084,43.25873327,"HUAWEI,ALP-L29,26,HUAWEI",weiy49_1_20190831143326.pbf,4
ITB,2,weiy49,1,-79.9206742,43.25873504,"HUAWEI,ALP-L29,26,HUAWEI",weiy49_1_20190831143326.pbf,5
ITB,2,weiy49,1,-79.92064819,43.25875364,"HUAWEI,ALP-L29,26,HUAWEI",weiy49_1_20190831143446.pbf,1
ITB,2,weiy49,1,-79.92064921,43.25879203,"HUAWEI,ALP-L29,26,HUAWEI",weiy49_1_20190831143446.pbf,2
ITB,2,weiy49,1,-79.92065129,43.25887025,"HUAWEI,ALP-L29,26,HUAWEI",weiy49_1_20190831143446.pbf,3
ITB,2,weiy49,1,-79.92065245,43.25891401,"HUAWEI,ALP-L29,26,HUAWEI",weiy49_1_20190831143446.pbf,4
ITB,2,weiy49,1,-79.92065326,43.25894481,"HUAWEI,ALP-L29,26,HUAWEI",weiy49_1_20190831143446.pbf,5
ITB,2,weiy49,1,-79.92065336,43.25894839,"HUAWEI,ALP-L29,26,HUAWEI",weiy49_1_20190831143446.pbf,6
ITB,2,weiy49,1,-79.92065436,43.25898602,"HUAWEI,ALP-L29,26,HUAWEI",weiy49_1_20190831143446.pbf,7
ITB,2,weiy49,1,-79.92065543,43.25902644,"HUAWEI,ALP-L29,26,HUAWEI",weiy49_1_20190831143446.pbf,8
ITB,2,weiy49,1,-79.9206566,43.25907052,"HUAWEI,ALP-L29,26,HUAWEI",weiy49_1_20190831143446.pbf,9
ITB,2,weiy49,1,-79.92065955,43.25903805,"HUAWEI,ALP-L29,26,HUAWEI",weiy49_1_20190831143639.pbf,1
ITB,2,weiy49,1,-79.92065761,43.2589943,"HUAWEI,ALP-L29,26,HUAWEI",weiy49_1_20190831143639.pbf,2
ITB,2,weiy49,1,-79.92065564,43.25894973,"HUAWEI,ALP-L29,26,HUAWEI",weiy49_1_20190831143639.pbf,3
ITB,2,weiy49,1,-79.92065379,43.258908,"HUAWEI,ALP-L29,26,HUAWEI",weiy49_1_20190831143639.pbf,4
ITB,2,weiy49,1,-79.92065193,43.25886589,"HUAWEI,ALP-L29,26,HUAWEI",weiy49_1_20190831143639.pbf,5
ITB,2,weiy49,1,-79.92064947,43.25881029,"HUAWEI,ALP-L29,26,HUAWEI",weiy49_1_20190831143639.pbf,6
ITB,2,weiy49,1,-79.92064765,43.25876912,"HUAWEI,ALP-L29,26,HUAWEI",weiy49_1_20190831143639.pbf,7
ITB,2,weiy49,1,-79.92064575,43.25872633,"HUAWEI,ALP-L29,26,HUAWEI",weiy49_1_20190831143639.pbf,8
ITB,2,weiy49,1,-79.92064385,43.25868325,"HUAWEI,ALP-L29,26,HUAWEI",weiy49_1_20190831143639.pbf,9
ITB,2,weiy49,1,-79.92064196,43.25864066,"HUAWEI,ALP-L29,26,HUAWEI",weiy49_1_20190831143639.pbf,10
ITB,2,weiy49,1,-79.92063663,43.25852032,"HUAWEI,ALP-L29,26,HUAWEI",weiy49_1_20190831143639.pbf,11
ITB,2,weiy49,1,-79.92062797,43.258536,"HUAWEI,ALP-L29,26,HUAWEI",weiy49_1_20190831143758.pbf,1
ITB,2,weiy49,1,-79.92062328,43.25865265,"HUAWEI,ALP-L29,26,HUAWEI",weiy49_1_20190831143758.pbf,2
ITB,2,weiy49,1,-79.92062123,43.25870351,"HUAWEI,ALP-L29,26,HUAWEI",weiy49_1_20190831143758.pbf,3
ITB,2,weiy49,1,-79.92071859,43.25905024,"HUAWEI,ALP-L29,26,HUAWEI",weiy49_1_20190831144001.pbf,1
ITB,2,weiy49,1,-79.92080329,43.25904964,"HUAWEI,ALP-L29,26,HUAWEI",weiy49_1_20190831144001.pbf,2
ITB,2,weiy49,1,-79.92080852,43.2590496,"HUAWEI,ALP-L29,26,HUAWEI",weiy49_1_20190831144001.pbf,3
ITB,2,weiy49,1,-79.92086055,43.25904924,"HUAWEI,ALP-L29,26,HUAWEI",weiy49_1_20190831144001.pbf,4
ITB,2,weiy49,1,-79.92091339,43.25904886,"HUAWEI,ALP-L29,26,HUAWEI",weiy49_1_20190831144001.pbf,5
ITB,2,weiy49,1,-79.92097365,43.25904844,"HUAWEI,ALP-L29,26,HUAWEI",weiy49_1_20190831144001.pbf,6
ITB,2,weiy49,1,-79.9210364,43.25904799,"HUAWEI,ALP-L29,26,HUAWEI",weiy49_1_20190831144001.pbf,7
ITB,2,weiy49,1,-79.92093487,43.25873265,"HUAWEI,ALP-L29,26,HUAWEI",weiy49_1_20190905113658.pbf,1
ITB,2,weiy49,1,-79.92087695,43.25873417,"HUAWEI,ALP-L29,26,HUAWEI",weiy49_1_20190905113658.pbf,2
ITB,2,weiy49,1,-79.92081957,43.25873568,"HUAWEI,ALP-L29,26,HUAWEI",weiy49_1_20190905113658.pbf,3
ITB,2,weiy49,1,-79.92076266,43.25873718,"HUAWEI,ALP-L29,26,HUAWEI",weiy49_1_20190905113658.pbf,4
ITB,2,weiy49,1,-79.92070586,43.25873867,"HUAWEI,ALP-L29,26,HUAWEI",weiy49_1_20190905113658.pbf,5
ITB,2,weiy49,1,-79.92065688,43.25904138,"HUAWEI,ALP-L29,26,HUAWEI",weiy49_1_20190905113919.pbf,1
ITB,2,weiy49,1,-79.92065453,43.25900477,"HUAWEI,ALP-L29,26,HUAWEI",weiy49_1_20190905113919.pbf,2
ITB,2,weiy49,1,-79.92065216,43.25896775,"HUAWEI,ALP-L29,26,HUAWEI",weiy49_1_20190905113919.pbf,3
ITB,2,weiy49,1,-79.92065018,43.25893691,"HUAWEI,ALP-L29,26,HUAWEI",weiy49_1_20190905113919.pbf,4
ITB,2,weiy49,1,-79.92064861,43.25891247,"HUAWEI,ALP-L29,26,HUAWEI",weiy49_1_20190905113919.pbf,5
ITB,2,weiy49,1,-79.92064842,43.25890953,"HUAWEI,ALP-L29,26,HUAWEI",weiy49_1_20190905113919.pbf,6
ITB,3,dail5,1,-79.92131538,43.25869776,"samsung,SM-G950W,26,samsung",dail5_1_20191007134139.pbf,1
ITB,3,dail5,1,-79.92131379,43.25867224,"samsung,SM-G950W,26,samsung",dail5_1_20191007134139.pbf,3
ITB,3,dail5,1,-79.92131226,43.25864768,"samsung,SM-G950W,26,samsung",dail5_1_20191007134139.pbf,5
ITB,3,dail5,1,-79.92131073,43.25862314,"samsung,SM-G950W,26,samsung",dail5_1_20191007134139.pbf,7
ITB,3,dail5,1,-79.92131073,43.25862314,"samsung,SM-G950W,26,samsung",dail5_1_20191007134139.pbf,8
ITB,3,dail5,1,-79.92130921,43.25859867,"samsung,SM-G950W,26,samsung",dail5_1_20191007134139.pbf,9
ITB,3,dail5,1,-79.92130767,43.25857397,"samsung,SM-G950W,26,samsung",dail5_1_20191007134139.pbf,11
ITB,3,dail5,1,-79.92130767,43.25857398,"samsung,SM-G950W,26,samsung",dail5_1_20191007134139.pbf,12
ITB,3,dail5,1,-79.92130614,43.25854939,"samsung,SM-G950W,26,samsung",dail5_1_20191007134139.pbf,13
ITB,3,dail5,1,-79.92130614,43.25854939,"samsung,SM-G950W,26,samsung",dail5_1_20191007134139.pbf,14
ITB,3,dail5,1,-79.92130461,43.25852487,"samsung,SM-G950W,26,samsung",dail5_1_20191007134139.pbf,15
ITB,3,dail5,1,-79.92130308,43.25850026,"samsung,SM-G950W,26,samsung",dail5_1_20191007134139.pbf,17
ITB,3,dail5,1,-79.92130308,43.25850026,"samsung,SM-G950W,26,samsung",dail5_1_20191007134139.pbf,18
ITB,3,dail5,1,-79.92127349,43.2584805,"samsung,SM-G950W,26,samsung",dail5_1_20191007134202.pbf,1
ITB,3,dail5,1,-79.92124659,43.25848119,"samsung,SM-G950W,26,samsung",dail5_1_20191007134202.pbf,3
ITB,3,dail5,1,-79.92120308,43.2584823,"samsung,SM-G950W,26,samsung",dail5_1_20191007134202.pbf,5
ITB,3,dail5,1,-79.92117592,43.258483,"samsung,SM-G950W,26,samsung",dail5_1_20191007134202.pbf,7
ITB,3,songx5,1,-79.92122611,43.25866952,"vivo,vivo NEX S,28,vivo",songx5_1_20190930163342.pbf,1
ITB,3,songx5,1,-79.92122634,43.2586703,"vivo,vivo NEX S,28,vivo",songx5_1_20190930163342.pbf,2
ITB,3,songx5,1,-79.92122961,43.25868126,"vivo,vivo NEX S,28,vivo",songx5_1_20190930163342.pbf,4
ITB,3,songx5,1,-79.92123575,43.2587018,"vivo,vivo NEX S,28,vivo",songx5_1_20190930163342.pbf,5
ITB,3,songx5,1,-79.92132015,43.25871211,"vivo,vivo NEX S,28,vivo",songx5_1_20190930163454.pbf,1
ITB,3,songx5,1,-79.92131812,43.25864234,"vivo,vivo NEX S,28,vivo",songx5_1_20190930163454.pbf,3
ITB,3,songx5,1,-79.92116506,43.25853171,"vivo,vivo NEX S,28,vivo",songx5_1_20190930163600.pbf,1
ITB,3,songx5,1,-79.92116878,43.25853165,"vivo,vivo NEX S,28,vivo",songx5_1_20190930163600.pbf,2
ITB,3,songx5,1,-79.92119726,43.25853115,"vivo,vivo NEX S,28,vivo",songx5_1_20190930163600.pbf,3
ITB,3,songx5,1,-79.92124969,43.25853023,"vivo,vivo NEX S,28,vivo",songx5_1_20190930163600.pbf,5
ITB,3,songx5,1,-79.92061484,43.25856127,"vivo,vivo NEX S,28,vivo",songx5_1_20190930171316.pbf,1
ITB,3,songx5,1,-79.9206127,43.2586292,"vivo,vivo NEX S,28,vivo",songx5_1_20190930171316.pbf,4
ITB,3,songx5,1,-79.92060812,43.25877478,"vivo,vivo NEX S,28,vivo",songx5_1_20190930171316.pbf,6
IWC,1,zhengq26,1,-79.91470645,43.26586822,"OnePlus,ONEPLUS A6000,28,OnePlus",zhengq26_1_20191103180910.pbf,1
IWC,1,zhengq26,1,-79.91472576,43.26612786,"OnePlus,ONEPLUS A6000,28,OnePlus",zhengq26_1_20191103181334.pbf,1
IWC,1,zhengq26,1,-79.9154667,43.26566582,"OnePlus,ONEPLUS A6000,28,OnePlus",zhengq26_1_20191103181554.pbf,1
IWC,2,liuz79,1,-79.91551998,43.26546334,"OnePlus,ONEPLUS A5010,28,OnePlus",liuz79_1_20191123183948.pbf,1
IWC,2,liuz79,1,-79.91550359,43.26546369,"OnePlus,ONEPLUS A5010,28,OnePlus",liuz79_1_20191123183948.pbf,2
JHE,1,baigm21,1,-79.92083107,43.26033304,"samsung,SM-G955W,28,samsung",baigm21_1_20191023204718.pbf,1
JHE,1,baigm21,1,-79.92082944,43.26039113,"samsung,SM-G955W,28,samsung",baigm21_1_20191023204718.pbf,3
JHE,1,dail5,1,-79.92095824,43.2602722,"HUAWEI,JSN-L23,27,HONOR",dail5_1_20191007135105.pbf,1
JHE,1,dail5,1,-79.92095162,43.26027211,"HUAWEI,JSN-L23,27,HONOR",dail5_1_20191007135105.pbf,2
JHE,1,dail5,1,-79.92094517,43.26027202,"HUAWEI,JSN-L23,27,HONOR",dail5_1_20191007135105.pbf,3
JHE,1,dail5,1,-79.92093894,43.26027194,"HUAWEI,JSN-L23,27,HONOR",dail5_1_20191007135105.pbf,4
JHE,1,dail5,1,-79.92093257,43.26027186,"HUAWEI,JSN-L23,27,HONOR",dail5_1_20191007135105.pbf,5
JHE,1,dail5,1,-79.92092606,43.26027177,"HUAWEI,JSN-L23,27,HONOR",dail5_1_20191007135105.pbf,6
JHE,1,dail5,1,-79.92084585,43.26027071,"HUAWEI,JSN-L23,27,HONOR",dail5_1_20191007135105.pbf,7
JHE,1,halle12,1,-79.92031739,43.26110397,"motorola,moto g(6),28,motorola",halle12_1_20200108104147.pbf,1
JHE,1,halle12,1,-79.92031735,43.26110347,"motorola,moto g(6),28,motorola",halle12_1_20200108104147.pbf,2
JHE,1,halle12,1,-79.92031732,43.26110309,"motorola,moto g(6),28,motorola",halle12_1_20200108104147.pbf,3
JHE,1,halle12,1,-79.92031728,43.26110257,"motorola,moto g(6),28,motorola",halle12_1_20200108104147.pbf,4
JHE,1,halle12,1,-79.92083309,43.26035893,"motorola,moto g(6),28,motorola",halle12_1_20200108104328.pbf,1
JHE,1,halle12,1,-79.92083311,43.26035802,"motorola,moto g(6),28,motorola",halle12_1_20200108104328.pbf,2
JHE,1,halle12,1,-79.92083313,43.26035693,"motorola,moto g(6),28,motorola",halle12_1_20200108104328.pbf,3
JHE,1,halle12,1,-79.92083314,43.26035643,"motorola,moto g(6),28,motorola",halle12_1_20200108104328.pbf,4
JHE,1,jinz27,1,-79.92037658,43.26056609,"HUAWEI,LYA-AL00,28,HUAWEI",jinz27_1_20191005175239.pbf,1
JHE,1,jinz27,1,-79.92031354,43.26112362,"HUAWEI,LYA-AL00,28,HUAWEI",jinz27_1_20191005175430.pbf,1
JHE,1,lanea4,1,-79.92082364,43.26048494,"OnePlus,ONEPLUS A6010,29,OnePlus",lanea4_1_20200122113345.pbf,1
JHE,1,lanea4,1,-79.92078801,43.26050466,"OnePlus,ONEPLUS A6010,29,OnePlus",lanea4_1_20200122113345.pbf,2
JHE,1,lanea4,1,-79.92075844,43.26052103,"OnePlus,ONEPLUS A6010,29,OnePlus",lanea4_1_20200122113345.pbf,3
JHE,1,liu433,1,-79.92027069,43.26095534,"HUAWEI,MAR-LX3A,28,HUAWEI",liu433_1_20190916183518.pbf,1
JHE,1,sunx46,1,-79.92031528,43.26127348,"HUAWEI,VOG-AL00,28,HUAWEI",sunx46_1_20191124152638.pbf,1
JHE,1,sunx46,1,-79.92031462,43.26125642,"HUAWEI,VOG-AL00,28,HUAWEI",sunx46_1_20191124152638.pbf,2
JHE,1,sunx46,1,-79.92031397,43.26123953,"HUAWEI,VOG-AL00,28,HUAWEI",sunx46_1_20191124152638.pbf,3
JHE,1,sunx46,1,-79.92031329,43.26122195,"HUAWEI,VOG-AL00,28,HUAWEI",sunx46_1_20191124152638.pbf,4
JHE,1,sunx46,1,-79.92031227,43.26119558,"HUAWEI,VOG-AL00,28,HUAWEI",sunx46_1_20191124152638.pbf,5
JHE,1,sunx46,1,-79.92084926,43.26046735,"HUAWEI,VOG-AL00,28,HUAWEI",sunx46_1_20191124152811.pbf,1
JHE,1,sunx46,1,-79.92084699,43.26044923,"HUAWEI,VOG-AL00,28,HUAWEI",sunx46_1_20191124152811.pbf,2
JHE,1,sunx46,1,-79.92084476,43.26043133,"HUAWEI,VOG-AL00,28,HUAWEI",sunx46_1_20191124152811.pbf,3
JHE,1,sunx46,1,-79.92084255,43.26041372,"HUAWEI,VOG-AL00,28,HUAWEI",sunx46_1_20191124152811.pbf,4
JHE,1,sunx46,1,-79.92083074,43.26031923,"HUAWEI,VOG-AL00,28,HUAWEI",sunx46_1_20191124152811.pbf,5
JHE,1,yaoy41,1,-79.92082042,43.26049031,"HUAWEI,MAR-LX3A,28,HUAWEI",yaoy41_1_20191005175107.pbf,1
JHE,1,yaoy41,1,-79.92081619,43.26049026,"HUAWEI,MAR-LX3A,28,HUAWEI",yaoy41_1_20191005175107.pbf,2
JHE,1,yaoy41,1,-79.92081246,43.26049022,"HUAWEI,MAR-LX3A,28,HUAWEI",yaoy41_1_20191005175107.pbf,3
JHE,1,yaoy41,1,-79.92080855,43.26049018,"HUAWEI,MAR-LX3A,28,HUAWEI",yaoy41_1_20191005175107.pbf,4
JHE,2,dail5,1,-79.92081218,43.26030164,"HUAWEI,JSN-L23,27,HONOR",dail5_1_20191007135204.pbf,1
JHE,2,dail5,1,-79.92081647,43.26034731,"HUAWEI,JSN-L23,27,HONOR",dail5_1_20191007135204.pbf,2
JHE,2,dail5,1,-79.92081698,43.26035268,"HUAWEI,JSN-L23,27,HONOR",dail5_1_20191007135204.pbf,3
JHE,2,dail5,1,-79.92081846,43.26036845,"HUAWEI,JSN-L23,27,HONOR",dail5_1_20191007135204.pbf,4
JHE,2,dail5,1,-79.92082573,43.26044576,"HUAWEI,JSN-L23,27,HONOR",dail5_1_20191007135204.pbf,5
JHE,2,dail5,1,-79.9208274,43.26046358,"HUAWEI,JSN-L23,27,HONOR",dail5_1_20191007135204.pbf,6
JHE,2,dail5,1,-79.92082997,43.26049095,"HUAWEI,JSN-L23,27,HONOR",dail5_1_20191007135204.pbf,7
JHE,2,dail5,1,-79.92083418,43.2605357,"HUAWEI,JSN-L23,27,HONOR",dail5_1_20191007135204.pbf,8
JHE,2,liu433,1,-79.92030332,43.2608132,"HUAWEI,JSN-L23,27,HONOR",liu433_1_20190908182024.pbf,1
JHE,2,liu433,1,-79.92030235,43.26080079,"HUAWEI,JSN-L23,27,HONOR",liu433_1_20190908182024.pbf,2
JHE,2,liu433,1,-79.92030141,43.26078889,"HUAWEI,JSN-L23,27,HONOR",liu433_1_20190908182024.pbf,3
JHE,2,liu433,1,-79.92030052,43.2607775,"HUAWEI,JSN-L23,27,HONOR",liu433_1_20190908182024.pbf,4
JHE,2,liu433,1,-79.92029967,43.26076671,"HUAWEI,JSN-L23,27,HONOR",liu433_1_20190908182024.pbf,5
JHE,2,liu433,1,-79.9202988,43.26075552,"HUAWEI,JSN-L23,27,HONOR",liu433_1_20190908182024.pbf,6
JHE,2,liu433,1,-79.92029788,43.26074382,"HUAWEI,JSN-L23,27,HONOR",liu433_1_20190908182024.pbf,7
JHE,2,liu433,1,-79.92029695,43.26073196,"HUAWEI,JSN-L23,27,HONOR",liu433_1_20190908182024.pbf,8
JHE,2,liu433,1,-79.92029598,43.26071956,"HUAWEI,JSN-L23,27,HONOR",liu433_1_20190908182024.pbf,9
JHE,2,liu433,1,-79.92029506,43.26070785,"HUAWEI,JSN-L23,27,HONOR",liu433_1_20190908182024.pbf,10
JHE,2,liu433,1,-79.92029416,43.26069638,"HUAWEI,JSN-L23,27,HONOR",liu433_1_20190908182024.pbf,11
JHE,2,liu433,1,-79.92029325,43.26068475,"HUAWEI,JSN-L23,27,HONOR",liu433_1_20190908182024.pbf,12
JHE,2,liu433,1,-79.92029231,43.26067276,"HUAWEI,JSN-L23,27,HONOR",liu433_1_20190908182024.pbf,13
JHE,2,liu433,1,-79.92029142,43.26066148,"HUAWEI,JSN-L23,27,HONOR",liu433_1_20190908182024.pbf,14
JHE,2,liu433,1,-79.92029054,43.26065023,"HUAWEI,JSN-L23,27,HONOR",liu433_1_20190908182024.pbf,15
JHE,2,liu433,1,-79.92028963,43.26063865,"HUAWEI,JSN-L23,27,HONOR",liu433_1_20190908182024.pbf,16
JHE,2,liu433,1,-79.92028873,43.26062712,"HUAWEI,JSN-L23,27,HONOR",liu433_1_20190908182024.pbf,17
JHE,2,liu433,1,-79.9202878,43.26061525,"HUAWEI,JSN-L23,27,HONOR",liu433_1_20190908182024.pbf,18
JHE,2,sunx46,1,-79.92030878,43.26098445,"HUAWEI,VOG-AL00,28,HUAWEI",sunx46_1_20191124150001.pbf,1
JHE,2,sunx46,1,-79.92030953,43.26100368,"HUAWEI,VOG-AL00,28,HUAWEI",sunx46_1_20191124150001.pbf,3
JHE,2,sunx46,1,-79.92031084,43.26103707,"HUAWEI,VOG-AL00,28,HUAWEI",sunx46_1_20191124150001.pbf,5
JHE,2,zhaom33,1,-79.92030836,43.26050891,"HUAWEI,JSN-L23,27,HONOR",zhaom33_1_20191001173619.pbf,1
JHE,2,zhaom33,1,-79.92031077,43.2605582,"HUAWEI,JSN-L23,27,HONOR",zhaom33_1_20191001173619.pbf,2
JHE,2,zhaom33,1,-79.92031318,43.26060752,"HUAWEI,JSN-L23,27,HONOR",zhaom33_1_20191001173619.pbf,3
JHE,2,zhaom33,1,-79.92031367,43.26061752,"HUAWEI,JSN-L23,27,HONOR",zhaom33_1_20191001173619.pbf,4
JHE,2,zhaom33,1,-79.92031606,43.26066631,"HUAWEI,JSN-L23,27,HONOR",zhaom33_1_20191001173619.pbf,5
JHE,2,zhaom33,1,-79.9203178,43.26070192,"HUAWEI,JSN-L23,27,HONOR",zhaom33_1_20191001173619.pbf,6
JHE,2,zhaom33,1,-79.92031836,43.26071348,"HUAWEI,JSN-L23,27,HONOR",zhaom33_1_20191001173619.pbf,7
JHE,2,zhaom33,1,-79.92032066,43.26076048,"HUAWEI,JSN-L23,27,HONOR",zhaom33_1_20191001173619.pbf,8
JHE,2,zhaom33,1,-79.92032296,43.26080762,"HUAWEI,JSN-L23,27,HONOR",zhaom33_1_20191001173619.pbf,9
JHE,2,zhaom33,1,-79.92032526,43.26085461,"HUAWEI,JSN-L23,27,HONOR",zhaom33_1_20191001173619.pbf,10
JHE,2,zhaom33,1,-79.92032756,43.26090153,"HUAWEI,JSN-L23,27,HONOR",zhaom33_1_20191001173619.pbf,11
JHE,2,zhaom33,1,-79.92032984,43.26094833,"HUAWEI,JSN-L23,27,HONOR",zhaom33_1_20191001173619.pbf,12
JHE,2,zhaom33,1,-79.9203346,43.26104565,"HUAWEI,JSN-L23,27,HONOR",zhaom33_1_20191001173619.pbf,13
JHE,2,zhaom33,1,-79.92033936,43.26114294,"HUAWEI,JSN-L23,27,HONOR",zhaom33_1_20191001173619.pbf,14
JHE,2,zhaom33,1,-79.92031901,43.26122945,"HUAWEI,JSN-L23,27,HONOR",zhaom33_1_20191001173706.pbf,1
JHE,2,zhaom33,1,-79.92035293,43.26122856,"HUAWEI,JSN-L23,27,HONOR",zhaom33_1_20191001173706.pbf,2
JHE,2,zhaom33,1,-79.92049213,43.26122488,"HUAWEI,JSN-L23,27,HONOR",zhaom33_1_20191001173706.pbf,3
JHE,2,zhaom33,1,-79.92063043,43.26122123,"HUAWEI,JSN-L23,27,HONOR",zhaom33_1_20191001173706.pbf,4
JHE,3,sunx46,1,-79.9203022,43.26050517,"HUAWEI,VOG-AL00,28,HUAWEI",sunx46_1_20191124145432.pbf,1
JHE,3,sunx46,1,-79.92032306,43.26050454,"HUAWEI,VOG-AL00,28,HUAWEI",sunx46_1_20191124145432.pbf,3
JHE,3,sunx46,1,-79.92032305,43.26050454,"HUAWEI,VOG-AL00,28,HUAWEI",sunx46_1_20191124145432.pbf,4
JHE,3,sunx46,1,-79.92034333,43.26050394,"HUAWEI,VOG-AL00,28,HUAWEI",sunx46_1_20191124145432.pbf,5
JHE,3,sunx46,1,-79.92030284,43.26087959,"HUAWEI,VOG-AL00,28,HUAWEI",sunx46_1_20191124145826.pbf,1
JHE,3,sunx46,1,-79.92030284,43.26087959,"HUAWEI,VOG-AL00,28,HUAWEI",sunx46_1_20191124145826.pbf,2
JHE,3,sunx46,1,-79.92030238,43.26089356,"HUAWEI,VOG-AL00,28,HUAWEI",sunx46_1_20191124145826.pbf,4
JHE,3,sunx46,1,-79.92030191,43.26090775,"HUAWEI,VOG-AL00,28,HUAWEI",sunx46_1_20191124145826.pbf,5
JHE,3,sunx46,1,-79.9203003,43.26095652,"HUAWEI,VOG-AL00,28,HUAWEI",sunx46_1_20191124145826.pbf,7
JHE,3,zhaom33,1,-79.92071865,43.26121419,"HUAWEI,JSN-L23,27,HONOR",zhaom33_1_20191001173828.pbf,1
JHE,3,zhaom33,1,-79.92065063,43.261216,"HUAWEI,JSN-L23,27,HONOR",zhaom33_1_20191001173828.pbf,2
JHE,3,zhaom33,1,-79.92057563,43.26121799,"HUAWEI,JSN-L23,27,HONOR",zhaom33_1_20191001173828.pbf,3
JHE,3,zhaom33,1,-79.92043233,43.26122179,"HUAWEI,JSN-L23,27,HONOR",zhaom33_1_20191001173828.pbf,4
JHE,3,zhaom33,1,-79.92032177,43.26121866,"HUAWEI,JSN-L23,27,HONOR",zhaom33_1_20191001174008.pbf,1
JHE,3,zhaom33,1,-79.92031636,43.26113325,"HUAWEI,JSN-L23,27,HONOR",zhaom33_1_20191001174008.pbf,2
JHE,3,zhaom33,1,-79.92031609,43.26112898,"HUAWEI,JSN-L23,27,HONOR",zhaom33_1_20191001174008.pbf,3
JHE,3,zhaom33,1,-79.92031565,43.26112212,"HUAWEI,JSN-L23,27,HONOR",zhaom33_1_20191001174008.pbf,4
JHE,3,zhaom33,1,-79.92031071,43.26104419,"HUAWEI,JSN-L23,27,HONOR",zhaom33_1_20191001174008.pbf,5
JHE,3,zhaom33,1,-79.92030533,43.26095924,"HUAWEI,JSN-L23,27,HONOR",zhaom33_1_20191001174008.pbf,6
JHE,3,zhaom33,1,-79.92030014,43.26087737,"HUAWEI,JSN-L23,27,HONOR",zhaom33_1_20191001174008.pbf,7
JHE,3,zhaom33,1,-79.92029475,43.26079234,"HUAWEI,JSN-L23,27,HONOR",zhaom33_1_20191001174008.pbf,8
JHE,3,zhaom33,1,-79.92029086,43.26073089,"HUAWEI,JSN-L23,27,HONOR",zhaom33_1_20191001174008.pbf,9
JHE,3,zhaom33,1,-79.92028934,43.26070688,"HUAWEI,JSN-L23,27,HONOR",zhaom33_1_20191001174008.pbf,10
JHE,3,zhaom33,1,-79.92028776,43.26068192,"HUAWEI,JSN-L23,27,HONOR",zhaom33_1_20191001174008.pbf,11
JHE,3,zhaom33,1,-79.9202824,43.26059732,"HUAWEI,JSN-L23,27,HONOR",zhaom33_1_20191001174008.pbf,12
JHE,3,zhaom33,1,-79.92028023,43.26056307,"HUAWEI,JSN-L23,27,HONOR",zhaom33_1_20191001174008.pbf,13
JHE,3,zhaom33,1,-79.92027429,43.26049578,"HUAWEI,JSN-L23,27,HONOR",zhaom33_1_20191001174055.pbf,1
JHE,3,zhaom33,1,-79.92008778,43.26050312,"HUAWEI,JSN-L23,27,HONOR",zhaom33_1_20191001174055.pbf,2
JHE,3,zhaom33,1,-79.91990152,43.26051045,"HUAWEI,JSN-L23,27,HONOR",zhaom33_1_20191001174055.pbf,3
JHE,4,sunx46,1,-79.92026648,43.26051199,"HUAWEI,VOG-AL00,28,HUAWEI",sunx46_1_20191124144555.pbf,1
JHE,4,sunx46,1,-79.92026648,43.26051199,"HUAWEI,VOG-AL00,28,HUAWEI",sunx46_1_20191124144555.pbf,2
JHE,4,sunx46,1,-79.92026564,43.26052733,"HUAWEI,VOG-AL00,28,HUAWEI",sunx46_1_20191124144555.pbf,3
JHE,4,sunx46,1,-79.92026564,43.26052732,"HUAWEI,VOG-AL00,28,HUAWEI",sunx46_1_20191124144555.pbf,4
JHE,4,sunx46,1,-79.92026479,43.26054282,"HUAWEI,VOG-AL00,28,HUAWEI",sunx46_1_20191124144555.pbf,5
JHE,4,sunx46,1,-79.92025184,43.26077825,"HUAWEI,VOG-AL00,28,HUAWEI",sunx46_1_20191124144555.pbf,7
JHE,4,sunx46,1,-79.92024473,43.26090751,"HUAWEI,VOG-AL00,28,HUAWEI",sunx46_1_20191124144555.pbf,11
JHE,4,sunx46,1,-79.92024118,43.26097215,"HUAWEI,VOG-AL00,28,HUAWEI",sunx46_1_20191124144555.pbf,13
JHE,4,sunx46,1,-79.92022884,43.26119645,"HUAWEI,VOG-AL00,28,HUAWEI",sunx46_1_20191124144555.pbf,17
JHE,4,sunx46,1,-79.92038571,43.26127683,"HUAWEI,VOG-AL00,28,HUAWEI",sunx46_1_20191124144818.pbf,1
JHE,4,sunx46,1,-79.92027637,43.26113163,"HUAWEI,VOG-AL00,28,HUAWEI",sunx46_1_20191124145114.pbf,1
JHE,4,sunx46,1,-79.92033143,43.26051633,"HUAWEI,VOG-AL00,28,HUAWEI",sunx46_1_20191124145114.pbf,5
KTH,1,xiey89,1,-79.91705535,43.26402774,"Xiaomi,MI 9,28,Xiaomi",xiey89_1_20191029103741.pbf,1
KTH,1,xiey89,1,-79.91705146,43.26401701,"Xiaomi,MI 9,28,Xiaomi",xiey89_1_20191029103741.pbf,2
KTH,1,xiey89,1,-79.9170484,43.26400858,"Xiaomi,MI 9,28,Xiaomi",xiey89_1_20191029103741.pbf,3
LRW,4,jiangx25,1,-79.91716692,43.26181045,"HUAWEI,EML-L09,28,HUAWEI",jiangx25_1_20191015171650.pbf,1
MDCL,1,jiab8,1,-79.9172023,43.26093026,"vivo,vivo NEX S,28,vivo",jiab8_1_20191106153206.pbf,1
MDCL,1,jiab8,1,-79.91720157,43.26094268,"vivo,vivo NEX S,28,vivo",jiab8_1_20191106153206.pbf,2
MDCL,1,jiab8,1,-79.91720077,43.26095623,"vivo,vivo NEX S,28,vivo",jiab8_1_20191106153206.pbf,3
MDCL,1,jiab8,1,-79.91716287,43.26073332,"vivo,vivo NEX S,28,vivo",jiab8_1_20191106153317.pbf,1
MDCL,1,jiab8,1,-79.91712401,43.26073369,"vivo,vivo NEX S,28,vivo",jiab8_1_20191106153317.pbf,2
MDCL,1,jiab8,1,-79.91708641,43.26073404,"vivo,vivo NEX S,28,vivo",jiab8_1_20191106153317.pbf,3
MDCL,1,jiab8,1,-79.91655071,43.26127099,"vivo,vivo NEX S,28,vivo",jiab8_1_20191106153548.pbf,1
MDCL,1,jiab8,1,-79.91655011,43.26124565,"vivo,vivo NEX S,28,vivo",jiab8_1_20191106153548.pbf,2
MDCL,1,jiab8,1,-79.91654954,43.26122168,"vivo,vivo NEX S,28,vivo",jiab8_1_20191106153548.pbf,3
MDCL,1,jiab8,1,-79.91657319,43.26126824,"vivo,vivo NEX S,28,vivo",jiab8_1_20191106153658.pbf,1
MDCL,1,jiab8,1,-79.91660352,43.26126701,"vivo,vivo NEX S,28,vivo",jiab8_1_20191106153658.pbf,2
MDCL,1,jiab8,1,-79.91663567,43.2612657,"vivo,vivo NEX S,28,vivo",jiab8_1_20191106153658.pbf,3
MDCL,1,jiab8,1,-79.9168485,43.26077701,"vivo,vivo NEX S,28,vivo",jiab8_1_20191106153831.pbf,1
MDCL,1,jiab8,1,-79.91685157,43.26080599,"vivo,vivo NEX S,28,vivo",jiab8_1_20191106153831.pbf,2
MDCL,1,jiab8,1,-79.91685347,43.26082389,"vivo,vivo NEX S,28,vivo",jiab8_1_20191106153831.pbf,3
MDCL,1,wangh295,1,-79.91671863,43.26137313,"HUAWEI,MAR-LX3A,28,HUAWEI",wangh295_1_20191028171057.pbf,1
MDCL,1,wangh295,1,-79.91671259,43.26137368,"HUAWEI,MAR-LX3A,28,HUAWEI",wangh295_1_20191028171057.pbf,2
MDCL,1,wangh295,1,-79.91670622,43.26137427,"HUAWEI,MAR-LX3A,28,HUAWEI",wangh295_1_20191028171057.pbf,3
MDCL,1,wangh295,1,-79.91653682,43.26138991,"HUAWEI,MAR-LX3A,28,HUAWEI",wangh295_1_20191028171057.pbf,4
MDCL,1,wangh295,1,-79.91648288,43.2613949,"HUAWEI,MAR-LX3A,28,HUAWEI",wangh295_1_20191028171057.pbf,5
MDCL,1,xiey89,1,-79.91684295,43.26122838,"Xiaomi,MI 9,28,Xiaomi",xiey89_1_20191030111251.pbf,1
MDCL,1,xiey89,1,-79.916828,43.26123053,"Xiaomi,MI 9,28,Xiaomi",xiey89_1_20191030111251.pbf,2
MDCL,1,xiey89,1,-79.91681992,43.26123169,"Xiaomi,MI 9,28,Xiaomi",xiey89_1_20191030111251.pbf,3
MDCL,1,xiey89,1,-79.91684889,43.26110203,"Xiaomi,MI 9,28,Xiaomi",xiey89_1_20191030113321.pbf,1
MDCL,1,xiey89,1,-79.91684892,43.26109892,"Xiaomi,MI 9,28,Xiaomi",xiey89_1_20191030113321.pbf,2
MDCL,1,xiey89,1,-79.91684892,43.26109835,"Xiaomi,MI 9,28,Xiaomi",xiey89_1_20191030113321.pbf,3
MDCL,1,xiey89,1,-79.91684894,43.26109726,"Xiaomi,MI 9,28,Xiaomi",xiey89_1_20191030113321.pbf,4
MDCL,1,xiey89,1,-79.9168513,43.26086797,"Xiaomi,MI 9,28,Xiaomi",xiey89_1_20191030113321.pbf,5
MDCL,1,xiey89,1,-79.9168513,43.26086738,"Xiaomi,MI 9,28,Xiaomi",xiey89_1_20191030113321.pbf,6
MDCL,1,xiey89,1,-79.9169792,43.26107713,"Xiaomi,MI 9,29,Xiaomi",xiey89_1_20191106153257.pbf,1
MDCL,1,xiey89,1,-79.91698264,43.26106648,"Xiaomi,MI 9,29,Xiaomi",xiey89_1_20191106153257.pbf,2
MDCL,1,xiey89,1,-79.91698947,43.26104533,"Xiaomi,MI 9,29,Xiaomi",xiey89_1_20191106153257.pbf,3
MDCL,1,xiey89,1,-79.91668719,43.26136116,"Xiaomi,MI 9,29,Xiaomi",xiey89_1_20191106153510.pbf,1
MDCL,1,xiey89,1,-79.91664613,43.26138442,"Xiaomi,MI 9,29,Xiaomi",xiey89_1_20191106153510.pbf,2
MDCL,1,xiey89,1,-79.91662649,43.26139556,"Xiaomi,MI 9,29,Xiaomi",xiey89_1_20191106153510.pbf,3
MDCL,1,xiey89,1,-79.91661676,43.26140107,"Xiaomi,MI 9,29,Xiaomi",xiey89_1_20191106153510.pbf,4
MDCL,1,xiey89,1,-79.91706294,43.26131597,"Xiaomi,MI 9,29,Xiaomi",xiey89_1_20191106153733.pbf,1
MDCL,1,xiey89,1,-79.91699252,43.26128548,"Xiaomi,MI 9,29,Xiaomi",xiey89_1_20191106153733.pbf,2
MDCL,1,xiey89,1,-79.91696576,43.26127389,"Xiaomi,MI 9,29,Xiaomi",xiey89_1_20191106153733.pbf,3
MDCL,1,xiey89,1,-79.9169504,43.26126724,"Xiaomi,MI 9,29,Xiaomi",xiey89_1_20191106153733.pbf,4
MDCL,1,xiey89,1,-79.91693875,43.26126219,"Xiaomi,MI 9,29,Xiaomi",xiey89_1_20191106153733.pbf,5
MDCL,1,xiey89,1,-79.91668217,43.26107335,"Xiaomi,MI 9,29,Xiaomi",xiey89_1_20191106154414.pbf,1
MDCL,1,xiey89,1,-79.9166758,43.26105872,"Xiaomi,MI 9,29,Xiaomi",xiey89_1_20191106154414.pbf,2
MDCL,1,xiey89,1,-79.91667277,43.26105178,"Xiaomi,MI 9,29,Xiaomi",xiey89_1_20191106154414.pbf,3
MDCL,1,xiey89,1,-79.91667098,43.26104766,"Xiaomi,MI 9,29,Xiaomi",xiey89_1_20191106154414.pbf,4
MDCL,1,xiey89,1,-79.91666843,43.26104181,"Xiaomi,MI 9,29,Xiaomi",xiey89_1_20191106154414.pbf,5
MDCL,1,xiey89,1,-79.91665036,43.26100034,"Xiaomi,MI 9,29,Xiaomi",xiey89_1_20191106154414.pbf,6
MDCL,1,xiey89,1,-79.91664306,43.26098356,"Xiaomi,MI 9,29,Xiaomi",xiey89_1_20191106154414.pbf,7
MDCL,1,xiey89,1,-79.91663316,43.26096085,"Xiaomi,MI 9,29,Xiaomi",xiey89_1_20191106154414.pbf,8
MDCL,1,xiey89,1,-79.91663034,43.26095438,"Xiaomi,MI 9,29,Xiaomi",xiey89_1_20191106154414.pbf,9
MDCL,1,xiey89,1,-79.91662921,43.26095178,"Xiaomi,MI 9,29,Xiaomi",xiey89_1_20191106154414.pbf,10
MDCL,1,xiey89,1,-79.91660449,43.26118803,"Xiaomi,MI 9,29,Xiaomi",xiey89_1_20191106154450.pbf,1
MDCL,1,xiey89,1,-79.91659621,43.26120859,"Xiaomi,MI 9,29,Xiaomi",xiey89_1_20191106154450.pbf,2
MDCL,1,xiey89,1,-79.91658542,43.26123541,"Xiaomi,MI 9,29,Xiaomi",xiey89_1_20191106154450.pbf,3
MDCL,1,xiey89,1,-79.9165791,43.2612511,"Xiaomi,MI 9,29,Xiaomi",xiey89_1_20191106154450.pbf,4
MDCL,1,xiey89,1,-79.91672154,43.26104583,"Xiaomi,MI 9,29,Xiaomi",xiey89_1_20191106155910.pbf,1
MDCL,1,xiey89,1,-79.9168675,43.26075332,"Xiaomi,MI 9,29,Xiaomi",xiey89_1_20191106155910.pbf,2
MDCL,1,xiey89,1,-79.91686822,43.26075188,"Xiaomi,MI 9,29,Xiaomi",xiey89_1_20191106155910.pbf,3
MDCL,1,xiey89,1,-79.91686866,43.260751,"Xiaomi,MI 9,29,Xiaomi",xiey89_1_20191106155910.pbf,4
MDCL,1,xiey89,1,-79.91716436,43.26131509,"Xiaomi,MI 9,29,Xiaomi",xiey89_1_20191107183640.pbf,1
MDCL,1,xiey89,1,-79.9171606,43.26128652,"Xiaomi,MI 9,29,Xiaomi",xiey89_1_20191107183640.pbf,2
MDCL,1,xiey89,1,-79.9171567,43.26125691,"Xiaomi,MI 9,29,Xiaomi",xiey89_1_20191107183640.pbf,3
MML,2,khana172,1,-79.91750988,43.26282709,"Google,Pixel,29,google",khana172_1_20191106125321.pbf,1
MML,2,khana172,1,-79.91751626,43.26286275,"Google,Pixel,29,google",khana172_1_20191106125321.pbf,2
MML,2,khana172,1,-79.917522,43.26289491,"Google,Pixel,29,google",khana172_1_20191106125321.pbf,3
MML,2,khana172,1,-79.91752822,43.26292969,"Google,Pixel,29,google",khana172_1_20191106125321.pbf,4
MML,5,liu433,1,-79.9174086,43.26257659,"HUAWEI,MAR-LX3A,28,HUAWEI",liu433_1_20191028223442.pbf,3
MUSC,1,jinz27,1,-79.91775488,43.26341118,"HUAWEI,LYA-AL00,28,HUAWEI",jinz27_1_20191005180909.pbf,1
MUSC,1,jinz27,1,-79.91775648,43.2634265,"HUAWEI,LYA-AL00,28,HUAWEI",jinz27_1_20191005180909.pbf,2
MUSC,1,jinz27,1,-79.91777027,43.26355769,"HUAWEI,LYA-AL00,28,HUAWEI",jinz27_1_20191005180909.pbf,3
MUSC,1,jinz27,1,-79.91778251,43.26367416,"HUAWEI,LYA-AL00,28,HUAWEI",jinz27_1_20191005180909.pbf,5
MUSC,1,jinz27,1,-79.91778566,43.26370412,"HUAWEI,LYA-AL00,28,HUAWEI",jinz27_1_20191005180909.pbf,6
MUSC,1,jinz27,1,-79.91778727,43.26371946,"HUAWEI,LYA-AL00,28,HUAWEI",jinz27_1_20191005180909.pbf,7
MUSC,1,khana172,1,-79.91807889,43.26309815,"Google,Pixel,29,google",khana172_1_20191106130750.pbf,1
MUSC,1,khana172,1,-79.91807951,43.26313453,"Google,Pixel,29,google",khana172_1_20191106130750.pbf,2
MUSC,1,khana172,1,-79.9180803,43.26318087,"Google,Pixel,29,google",khana172_1_20191106130750.pbf,3
MUSC,1,khana172,1,-79.9180811,43.26322825,"Google,Pixel,29,google",khana172_1_20191106130750.pbf,5
MUSC,1,liu433,1,-79.9177488,43.26325942,"HUAWEI,MAR-LX3A,28,HUAWEI",liu433_1_20190901183654.pbf,1
MUSC,1,liu433,1,-79.91773731,43.26326619,"HUAWEI,MAR-LX3A,28,HUAWEI",liu433_1_20190901183654.pbf,2
MUSC,1,liu433,1,-79.91772603,43.26327284,"HUAWEI,MAR-LX3A,28,HUAWEI",liu433_1_20190901183654.pbf,3
MUSC,1,xiey89,1,-79.9177199,43.26328175,"Xiaomi,MI 9,28,Xiaomi",xiey89_1_20191026102607.pbf,1
MUSC,1,xiey89,1,-79.91765157,43.26333971,"Xiaomi,MI 9,28,Xiaomi",xiey89_1_20191026102607.pbf,2
PC,1,mullico,1,-79.9195952,43.25980839,"samsung,SM-G930F,26,samsung",mullico_1_20191128172055.pbf,1
PC,1,mullico,1,-79.91963111,43.25980655,"samsung,SM-G930F,26,samsung",mullico_1_20191128172055.pbf,2
PC,1,mullico,1,-79.919667,43.25980472,"samsung,SM-G930F,26,samsung",mullico_1_20191128172055.pbf,3
PC,1,mullico,1,-79.91970194,43.25980293,"samsung,SM-G930F,26,samsung",mullico_1_20191128172055.pbf,4
PC,1,mullico,1,-79.91973786,43.25980109,"samsung,SM-G930F,26,samsung",mullico_1_20191128172055.pbf,5
PC,1,mullico,1,-79.91977274,43.25979931,"samsung,SM-G930F,26,samsung",mullico_1_20191128172055.pbf,6
PC,1,mullico,1,-79.91980816,43.2597975,"samsung,SM-G930F,26,samsung",mullico_1_20191128172055.pbf,7
PC,1,mullico,1,-79.91984356,43.25979569,"samsung,SM-G930F,26,samsung",mullico_1_20191128172055.pbf,8
PC,1,mullico,1,-79.91980547,43.25979644,"samsung,SM-G930F,26,samsung",mullico_1_20191128172140.pbf,1
PC,1,mullico,1,-79.91976492,43.25979651,"samsung,SM-G930F,26,samsung",mullico_1_20191128172140.pbf,2
PC,1,mullico,1,-79.91972435,43.25979659,"samsung,SM-G930F,26,samsung",mullico_1_20191128172140.pbf,3
PC,1,mullico,1,-79.91968263,43.25979667,"samsung,SM-G930F,26,samsung",mullico_1_20191128172140.pbf,4
PC,1,mullico,1,-79.9196409,43.25979675,"samsung,SM-G930F,26,samsung",mullico_1_20191128172140.pbf,5
PC,1,mullico,1,-79.91959918,43.25979683,"samsung,SM-G930F,26,samsung",mullico_1_20191128172140.pbf,6
PC,1,mullico,1,-79.91955747,43.25979691,"samsung,SM-G930F,26,samsung",mullico_1_20191128172140.pbf,7
PC,1,mullico,1,-79.91961795,43.25968646,"samsung,SM-G930F,26,samsung",mullico_1_20191128172228.pbf,1
PC,1,mullico,1,-79.91966596,43.25968217,"samsung,SM-G930F,26,samsung",mullico_1_20191128172228.pbf,2
PC,1,mullico,1,-79.91971338,43.25967794,"samsung,SM-G930F,26,samsung",mullico_1_20191128172228.pbf,3
PC,1,mullico,1,-79.91976135,43.25967366,"samsung,SM-G930F,26,samsung",mullico_1_20191128172228.pbf,4
PC,2,mullico,1,-79.91933426,43.25980284,"samsung,SM-G930F,26,samsung",mullico_1_20191128172336.pbf,1
PC,2,mullico,1,-79.91943315,43.25980237,"samsung,SM-G930F,26,samsung",mullico_1_20191128172336.pbf,2
PC,2,mullico,1,-79.91953485,43.25980188,"samsung,SM-G930F,26,samsung",mullico_1_20191128172336.pbf,3
PC,2,mullico,1,-79.91963522,43.2598014,"samsung,SM-G930F,26,samsung",mullico_1_20191128172336.pbf,4
PC,2,mullico,1,-79.91973558,43.25980092,"samsung,SM-G930F,26,samsung",mullico_1_20191128172336.pbf,5
PC,2,mullico,1,-79.91983844,43.25980043,"samsung,SM-G930F,26,samsung",mullico_1_20191128172336.pbf,6
PC,2,mullico,1,-79.91949746,43.25987945,"samsung,SM-G930F,26,samsung",mullico_1_20191128172450.pbf,1
PC,2,mullico,1,-79.91949628,43.25982858,"samsung,SM-G930F,26,samsung",mullico_1_20191128172450.pbf,2
PC,2,mullico,1,-79.9194951,43.259778,"samsung,SM-G930F,26,samsung",mullico_1_20191128172450.pbf,3
PC,2,mullico,1,-79.91949393,43.25972749,"samsung,SM-G930F,26,samsung",mullico_1_20191128172450.pbf,4
PC,2,mullico,1,-79.91949277,43.25967759,"samsung,SM-G930F,26,samsung",mullico_1_20191128172450.pbf,5
PC,2,mullico,1,-79.91949162,43.25962789,"samsung,SM-G930F,26,samsung",mullico_1_20191128172450.pbf,6
PC,2,mullico,1,-79.91949045,43.25957783,"samsung,SM-G930F,26,samsung",mullico_1_20191128172450.pbf,7
PC,2,mullico,1,-79.91948929,43.2595278,"samsung,SM-G930F,26,samsung",mullico_1_20191128172450.pbf,8
PC,3,mullico,1,-79.91970477,43.25983132,"samsung,SM-G930F,26,samsung",mullico_1_20191128172601.pbf,1
PC,3,mullico,1,-79.91963954,43.25978066,"samsung,SM-G930F,26,samsung",mullico_1_20191128172601.pbf,2
PC,3,mullico,1,-79.91957435,43.25973003,"samsung,SM-G930F,26,samsung",mullico_1_20191128172601.pbf,3
PC,3,mullico,1,-79.91950924,43.25967947,"samsung,SM-G930F,26,samsung",mullico_1_20191128172601.pbf,4
PC,3,mullico,1,-79.919444,43.2596288,"samsung,SM-G930F,26,samsung",mullico_1_20191128172601.pbf,5
PC,3,mullico,1,-79.9193788,43.25957817,"samsung,SM-G930F,26,samsung",mullico_1_20191128172601.pbf,6
PC,3,mullico,1,-79.91931361,43.25952754,"samsung,SM-G930F,26,samsung",mullico_1_20191128172601.pbf,7
T13,1,shil9,1,-79.91961527,43.25884364,"HUAWEI,JSN-L23,27,HONOR",shil9_1_20190930170617.pbf,1
T13,1,shil9,1,-79.91957789,43.25852465,"HUAWEI,JSN-L23,27,HONOR",shil9_1_20190930170643.pbf,5
T13,1,shil9,1,-79.91947238,43.25851097,"HUAWEI,JSN-L23,27,HONOR",shil9_1_20190930170750.pbf,1
TSH,1,elmokatk,1,-79.91815259,43.26432908,"samsung,SM-N975F,28,samsung",elmokatk_1_20191128130055.pbf,1
TSH,1,telenkol,1,-79.91799984,43.26436889,"OnePlus,ONEPLUS A6013,29,OnePlus",telenkol_1_20191102171827.pbf,1
TSH,1,telenkol,1,-79.9179995,43.26435501,"OnePlus,ONEPLUS A6013,29,OnePlus",telenkol_1_20191102171827.pbf,3
TSH,1,telenkol,1,-79.91799944,43.26435269,"OnePlus,ONEPLUS A6013,29,OnePlus",telenkol_1_20191102171827.pbf,4